Rank,Player,Age,Position,Team,G60,A60,PTS60,PlusMinus,PIM,PS,EV,PP,SH,GW,EVA,PPA,SHA,S60,Sper,AveTOI,BLKperGame,HITperGame,CF60,CA60,CFp,CFp rel,FF60,FA60,FFp,FFp rel,oiSHp,oiSVp,PDO,oZSp,dZSp,SAtt60,TK60,GV60,Thru
1,Connor McDavid,20,C,EDM,1.038661281,2.423542989,3.4622042701,27,26,12.8,26,3,1,6,45,24,1,8.6901327178,12,21.13,0.3536585366,0.4146341463,51.206001154,44.039238315,53.8,5.6,38.499711483,31.748413156,54.8,5.6,10.9,91,101.9,56.2,43.8,14.541257934,2.6312752452,1.8695903058,59.8
2,Sidney Crosby,29,C,PIT,1.7706237425,1.8108651911,3.5814889336,17,24,12.3,30,14,0,5,34,11,0,10.261569416,17.3,19.88,0.36,1.0666666667,54.527162978,47.967806841,53.2,5.1,41.006036217,35.774647887,53.4,3.7,10.1,91.6,101.7,61.2,38.8,16.539235412,1.569416499,2.8169014085,62
3,Patrick Kane,28,RW,CHI,1.1630558723,1.8814139111,3.0444697834,11,32,10.8,27,7,0,5,39,16,0,9.9885974914,11.6,21.39,0.1829268293,0.3414634146,50.114025086,45.803876853,52.2,2.8,36.157354618,34.994298746,50.8,1.1,11.3,91.4,102.7,64.4,35.6,16.795895097,1.6761687571,1.4367160775,59.5
4,Nicklas Backstrom,29,C,WSH,0.9218436874,2.5250501002,3.4468937876,17,38,9.9,15,8,0,5,36,27,0,6.4929859719,14.2,18.26,0.4024390244,0.5487804878,45.851703407,44.809619238,50.6,-1.1,34.98997996,33.70741483,50.9,0,10.2,92.4,102.6,53,47,10.741482966,2.4448897796,2.1643286573,60.1
5,Nikita Kucherov,23,RW,TBL,1.668984701,1.8776077886,3.5465924896,13,38,12,23,17,0,7,30,15,0,10.264255911,16.3,19.43,0.2702702703,0.4054054054,51.23783032,40.681502086,55.7,6.7,38.052851182,31.961057024,54.4,5.9,10.8,91.2,101.9,59.7,40.3,19.360222531,2.2531293463,2.6703755216,53
6,Brad Marchand,28,LW,BOS,1.5048231511,1.7749196141,3.2797427653,18,81,12.6,27,9,3,8,29,15,2,8.7202572347,17.3,19.44,0.4375,0.6375,54.096463023,34.958199357,60.7,8.5,40.553054662,26.199356913,60.8,7.8,9.3,88.9,98.2,54.8,45.2,15.704180064,2.6623794212,3.2411575563,55.3
7,Mark Scheifele,23,C,WPG,1.1822660099,1.8472906404,3.0295566502,18,38,10.3,25,7,0,5,40,8,2,5.9113300493,20,20.56,0.4303797468,0.6202531646,47.068965517,43.965517241,51.7,3.7,35.911330049,33.02955665,52.1,4,13,89.7,102.6,53,47,10.270935961,2.4753694581,1.5517241379,57.6
8,Leon Draisaitl,21,C,EDM,1.1240310078,1.8604651163,2.984496124,7,20,9.6,19,10,0,5,31,17,0,6.6666666667,16.9,18.88,0.4390243902,0.5,49.186046512,45.15503876,52.1,2.9,36.782945736,32.984496124,52.7,2.3,10.3,90.4,100.7,54,46,11.550387597,2.9069767442,2.9069767442,58.1
10,Vladimir Tarasenko,25,RW,STL,1.5445544554,1.4257425743,2.9702970297,-1,12,10.2,30,9,0,8,23,13,0,11.326732673,13.6,18.48,0.3780487805,0.6097560976,48.831683168,45.02970297,52,3.2,36.237623762,32.594059406,52.6,3.6,9.5,90,99.5,66.9,33.1,20.792079208,1.1485148515,1.2277227723,54.5
11,Artemi Panarin,25,LW,CHI,1.1646837821,1.6155291171,2.7802128992,18,21,9.4,22,9,0,5,35,8,0,7.9273638071,14.7,19.48,0.1707317073,0.2804878049,51.734502192,42.154038823,55.1,6.8,36.931747026,32.122730119,53.5,5,11.4,91.7,103.1,81.3,18.7,14.877896055,2.1415153413,2.0663744521,53.3
12,Blake Wheeler,30,RW,WPG,0.9443099274,1.7433414044,2.6876513317,6,47,8.2,19,5,2,4,31,16,1,9.406779661,10,20.15,0.6219512195,1.2195121951,48.268765133,39.552058111,55,8.4,36.464891041,29.455205811,55.3,8.6,9.6,88.9,98.5,52.6,47.4,15.217917676,1.416464891,1.598062954,61.8
13,Ryan Getzlaf,31,C,ANA,0.5772931366,2.2322001283,2.8094932649,7,49,7.6,7,6,2,3,43,14,1,5.311096857,10.9,21.07,1.1891891892,1.3378378378,42.411802437,42.604233483,49.9,1,31.327774214,31.173829378,50.1,0.8,10.6,91,101.6,47.8,52.2,11.084028223,2.3476587556,2.6170622194,47.9
14,Evgeni Malkin,30,C,PIT,1.7157712305,2.027729636,3.7435008666,18,77,9.9,22,11,0,6,27,12,0,9.9306759099,17.3,18.61,0.4032258065,0.6451612903,48.821490468,45.233968804,51.9,1.6,36.91507799,33.535528596,52.4,0.6,11.4,91.9,103.3,70.6,29.4,16.325823224,2.7036395147,2.8076256499,61.1
15,Tyler Seguin,25,C,DAL,1.0303830911,1.822985469,2.8533685601,-15,22,7.5,15,11,0,4,28,18,0,11.928665786,8.6,18.46,0.3170731707,0.7317073171,50.805812417,47.595772787,51.6,2,36.856010568,34.795244386,51.4,1.1,9.2,88.7,97.9,51,49,20.132100396,1.4663143989,1.5455746367,59.4
18,David Pastrnak,20,RW,BOS,1.5122312824,1.6011860638,3.1134173462,11,34,10.3,24,10,0,6,22,14,0,11.653076353,13,17.99,0.4266666667,0.96,58.754633062,42.920681987,57.8,4.5,43.988139362,31.534469978,58.2,4.5,9.1,89.9,99,57.7,42.3,20.681986657,2.223869533,2.8910303929,56.3
19,Phil Kessel,29,RW,PIT,0.9381373215,1.9170632223,2.8552005438,3,20,7.3,15,8,0,4,25,22,0,9.3405846363,10,17.94,0.1829268293,0.1463414634,44.459551326,49.394969409,47.4,-3.5,33.161114888,36.301835486,47.7,-4.5,9,92.6,101.6,63.8,36.2,16.560163154,0.611828688,2.0802175391,56.2
20,Auston Matthews,19,C,TOR,1.6597510373,1.2033195021,2.8630705394,2,14,9.7,32,8,0,8,16,13,0,11.576763485,14.3,17.63,0.743902439,0.256097561,54.68879668,50.165975104,52.2,2.3,41.12033195,38.423236515,51.7,2.6,8,91.9,99.9,63,37,19.751037344,3.153526971,1.8257261411,58.6
21,Alex Ovechkin,31,LW,WSH,1.3147410359,1.4342629482,2.7490039841,6,50,8.7,16,17,0,7,27,9,0,12.470119522,10.5,18.37,0.3536585366,2.6341463415,49.521912351,47.290836653,51.2,-0.3,37.450199203,35.697211155,51.2,0.4,9.6,91.2,100.7,58.8,41.2,23.187250996,1.1553784861,1.8326693227,53.8
22,Jamie Benn,27,LW,DAL,1.0455764075,1.7292225201,2.7747989276,-9,66,7.5,13,12,1,4,29,14,0,8.0831099196,12.9,19.38,0.6103896104,1.1558441558,45.321715818,45.321715818,50,-0.4,33.418230563,33.136729223,50.2,-0.5,8.7,90.2,98.9,48.9,51.1,14.436997319,2.2117962466,2.2117962466,56
23,Mikael Granlund,24,C,MIN,1.0229508197,1.6918032787,2.7147540984,23,12,8.5,16,7,3,4,29,13,1,6.9639344262,14.7,18.83,0.6172839506,0.6172839506,43.436065574,44.655737705,49.3,0,33.009836066,33.049180328,50,0.2,11.5,92.2,103.7,38.7,61.3,12.472131148,1.6918032787,1.2983606557,55.8
24,Joe Pavelski,32,C,SJS,1.1233053583,1.5106520336,2.6339573919,11,34,8.7,21,7,1,7,24,15,0,9.0251775339,12.4,19.12,0.9012345679,1.6049382716,50.161394448,45.861846352,52.2,1.4,36.449322143,32.033570045,53.2,1.6,10,91.4,101.5,53.3,46.7,16.152356359,1.2782440284,3.2537120723,55.6
25,Henrik Zetterberg,36,LW,DET,0.6307977737,1.892393321,2.5231910946,15,22,7.6,15,2,0,0,40,11,0,7.2356215213,8.7,19.72,0.3658536585,0.7073170732,45.899814471,42.003710575,52.2,5.4,35.250463822,31.985157699,52.4,5.7,10.2,91.5,101.7,51.4,48.6,12.430426716,1.4100185529,1.3729128015,58.2
26,Max Pacioretty,28,LW,MTL,1.3522215068,1.2363168062,2.5885383129,15,38,9.3,26,8,1,7,26,5,1,10.354153252,13.1,19.17,0.4320987654,0.7777777778,53.97295557,43.386992917,55.4,4.4,39.484867997,32.530585963,54.8,3.7,8.9,92.2,101.1,58.1,41.9,19.317450097,1.6999356085,1.8158403091,53.6
27,Jeff Carter,32,C,LAK,1.2981744422,1.3793103448,2.677484787,2,41,9,21,10,1,9,22,12,0,10.14198783,12.8,18.04,0.4512195122,1.0487804878,48.965517241,40.973630832,54.4,-0.4,36.186612576,30.669371197,54.1,-0.5,8.8,89.7,98.4,56.9,43.1,18.985801217,0.9736308316,1.8661257606,53.4
28,John Tavares,26,C,NYI,1.0687022901,1.4503816794,2.5190839695,4,38,7.8,20,7,1,3,26,11,1,9.9236641221,10.8,20.42,0.2597402597,0.5454545455,50.839694656,45.305343511,52.9,7.7,36.832061069,33.473282443,52.4,6.6,10,90.1,100.1,63.3,36.7,17.938931298,2.4045801527,3.0916030534,55.1
29,Eric Staal,32,C,MIN,1.1009174312,1.4547837484,2.5557011796,17,34,8,23,4,1,8,24,12,1,8.2961992136,13.3,18.61,0.4756097561,0.512195122,48.322411533,44.429882045,52.1,3.8,36.25163827,33.184796855,52.2,3.2,9.7,91.4,101.2,50,50,14.154652687,2.005242464,0.9436435125,58.3
30,Patrik Laine,18,RW,WPG,1.6513761468,1.2844036697,2.9357798165,7,26,8.9,27,9,0,5,23,5,0,9.3577981651,17.6,17.92,0.4520547945,1.095890411,44.633027523,47.064220183,48.7,-0.7,34.311926606,35.412844037,49.2,-0.4,13.8,89.6,103.5,55.2,44.8,16.513761468,1.9724770642,2.5229357798,56.7
31,Nikolaj Ehlers,20,LW,WPG,1.0460251046,1.6317991632,2.6778242678,1,38,7.2,20,5,0,4,32,7,0,8.5355648536,12.3,17.49,0.3414634146,0.5243902439,49.49790795,46.610878661,51.5,3.1,37.531380753,35.523012552,51.4,2.6,11,89.6,100.5,55.1,44.9,15.774058577,1.5062761506,2.1338912134,53.8
32,Jeff Skinner,24,LW,CAR,1.5845824411,1.113490364,2.6980728051,-3,28,8.8,30,7,0,4,18,8,0,12.034261242,13.2,17.73,0.3544303797,0.417721519,53.447537473,50.578158458,51.4,0.3,38.886509636,38.501070664,50.2,-0.2,10,89.6,99.6,63.2,36.8,20.942184154,2.7837259101,2.7837259101,57.3
33,Cam Atkinson,27,RW,CBJ,1.4160485502,1.0923803102,2.5084288604,13,22,8.9,22,10,3,9,16,11,0,9.7100472016,14.6,18.09,0.4146341463,0.4024390244,46.648685098,48.954821308,48.8,-2,33.499662846,36.372218476,47.9,-3.4,8.9,93.3,102.2,45.3,54.7,16.142953473,1.4565070802,0.8496291301,60.2
34,James van Riemsdyk,27,LW,TOR,1.3353798926,1.5195702226,2.8549501151,-2,37,7.7,23,6,0,5,20,13,0,10.959324635,12.2,15.89,0.3536585366,0.756097561,54.059861857,49.270913277,52.3,2.4,40.107444359,39.600920952,50.3,0.6,9.3,90.6,99.9,57.1,42.9,18.004604758,1.7037605526,1.0590943975,60.9
35,Nazem Kadri,26,C,TOR,1.4117647059,1.2794117647,2.6911764706,-7,95,7.6,20,12,0,6,24,5,0,10.411764706,13.6,16.59,0.3780487805,1.512195122,54.220588235,51,51.5,1.4,40.102941176,38.647058824,50.9,1.4,9.4,90.3,99.7,37.4,62.6,19.014705882,2.5588235294,2.6029411765,55
36,Viktor Arvidsson,23,LW,NSH,1.3556851312,1.3119533528,2.667638484,16,28,8.7,22,4,5,6,23,5,2,10.758017493,12.6,17.15,0.5625,0.2875,55.758017493,45.56851312,55,5.5,42.638483965,35.685131195,54.4,5.2,9.6,91,100.6,55.8,44.2,17.973760933,1.6180758017,1.1370262391,59.6
37,Mike Hoffman,27,LW,OTT,1.198156682,1.6129032258,2.8110599078,17,51,8.3,13,13,0,8,22,13,0,10.322580645,11.6,17.59,0.2837837838,0.5540540541,47.004608295,44.792626728,51.2,4,34.746543779,33.31797235,51,3.5,10.6,92.7,103.3,55.6,44.4,19.124423963,2.0737327189,2.4884792627,54
38,William Nylander,20,C,TOR,1.0177332305,1.8041634541,2.8218966847,-3,32,6.8,13,9,0,2,22,17,0,9.4834232845,10.7,16.01,0.1975308642,0.3086419753,54.957594449,48.296067849,53.2,3.6,41.68080185,37.00848111,53,4.3,6.9,92.2,99.1,56.8,43.2,16.792598304,2.7293754819,1.3878180416,56.5
39,Jakub Voracek,27,RW,PHI,0.7667731629,1.571884984,2.338658147,-24,56,5.6,15,5,0,3,23,18,0,9.6996805112,7.9,19.09,0.2682926829,0.3658536585,48.920127796,44.741214058,52.2,1.5,35.808306709,32.89456869,52.1,0.7,8,88.8,96.8,53.3,46.7,18.019169329,0.9201277955,2.1469648562,53.2
40,Mitch Marner,19,C,TOR,0.8809891808,1.9474497682,2.828438949,0,38,6.6,15,4,0,5,25,17,0,8.1607418856,10.8,16.81,0.5064935065,0.5324675325,52.85935085,51.190108192,50.8,0.3,39.505409583,40.757341577,49.2,-0.9,9.6,91.3,100.9,55.9,44.1,15.069551777,3.1066460587,2.8748068006,54.2
41,Johnny Gaudreau,23,LW,CGY,0.811419985,1.9383921863,2.7498121713,-7,4,6.1,14,4,0,3,31,12,0,8.2043576258,9.9,18.49,0.1944444444,0.125,47.242674681,44.042073629,51.8,1.7,34.845980466,33.042824944,51.3,1.5,8.6,90.2,98.7,63.3,36.7,13.839218633,1.9834710744,3.8767843727,59.3
42,Ryan Johansen,24,C,NSH,0.5436893204,1.8252427184,2.3689320388,1,60,5.8,9,4,1,3,28,19,0,5.9805825243,9.1,18.84,0.3414634146,0.9390243902,53.514563107,42.174757282,55.9,7,40.310679612,32.737864078,55.2,6.5,8.2,90.2,98.4,54.7,45.3,10.718446602,1.4757281553,1.9805825243,55.8
43,Evgeny Kuznetsov,24,C,WSH,0.8201438849,1.726618705,2.5467625899,18,46,6.7,16,3,0,4,29,11,0,7.3381294964,11.2,16.95,0.2195121951,0.6951219512,50.633093525,46.446043165,52.2,1.2,37.338129496,35.223021583,51.5,0.7,10.2,92.3,102.4,59.6,40.4,14.028776978,1.8561151079,2.5467625899,52.3
44,Mats Zuccarello,29,RW,NYR,0.5976095618,1.7529880478,2.3505976096,15,26,6,10,5,0,3,35,9,0,7.5298804781,7.9,18.83,0.65,1.0625,48.366533865,44.820717131,51.9,5.5,36.932270916,32.509960159,53.2,5.9,9.6,91.9,101.5,54.1,45.9,13.027888446,2.7888446215,2.1513944223,57.8
45,Alexander Wennberg,22,C,CBJ,0.5306122449,1.8775510204,2.4081632653,9,21,5.9,11,2,0,5,25,21,0,4.4489795918,11.9,18.38,0.7,0.725,46.367346939,43.469387755,51.6,1.6,34.897959184,32.693877551,51.6,1.6,8.5,92.4,101,59.3,40.7,7.5918367347,1.7959183673,1.2653061224,58.6
46,Filip Forsberg,22,LW,NSH,1.2252964427,1.0671936759,2.2924901186,-4,32,7.2,25,3,3,9,21,6,0,9.2490118577,13.2,18.51,0.3170731707,1.1829268293,49.683794466,42.09486166,54.1,4.2,37.588932806,32.490118577,53.6,4.1,8.6,89.6,98.2,56.4,43.6,18.458498024,3.0039525692,2.4505928854,50.3
47,Sean Monahan,22,C,CGY,1.1242192922,1.2907702984,2.4149895906,-1,20,6.9,18,8,1,4,22,9,0,8.2859125607,13.6,17.57,0.3048780488,0.4146341463,45.676613463,45.052047189,50.3,-0.2,33.351839001,34.642609299,49.1,-1.4,8.6,91.6,100.3,61.3,38.7,14.489937543,2.0818875781,1.8320610687,57.2
48,Marcus Johansson,26,LW,WSH,1.0329985653,1.4634146341,2.4964131994,25,10,7.5,19,5,0,5,20,14,0,5.5523672884,18.6,17.00,0.2682926829,0.3902439024,45.494978479,40.588235294,52.9,2.1,33.787661406,30.344332855,52.7,2.4,11.2,92.4,103.6,57.5,42.5,9.4691535151,1.7216642755,2.0659971306,58.6
49,Ryan Kesler,32,C,ANA,0.755580996,1.2364052662,1.9919862622,8,83,6.5,14,8,0,2,24,12,0,6.3880938752,11.8,21.30,0.9146341463,1.7804878049,43.48025186,41.900400687,50.9,2,33.07384087,30.70406411,51.9,2.9,8.3,92,100.3,33.4,66.6,12.089295936,0.755580996,1.3394390384,52.8
50,Jonathan Toews,28,C,CHI,0.8683666437,1.5299793246,2.3983459683,7,35,6.3,15,6,0,5,26,11,0,8.2288077188,10.6,20.15,0.4444444444,0.5972222222,49.248793935,44.824259132,52.4,2.4,34.900068918,34.031702274,50.6,0.1,9.7,92.5,102.1,55.4,44.6,12.818745693,1.5299793246,1.5299793246,63.9
51,Mikko Koivu,33,C,MIN,0.7063440157,1.5696533682,2.2759973839,27,34,6.6,16,2,0,4,20,18,2,5.4545454545,12.9,19.11,0.8125,0.4,43.361674297,43.243950294,50.1,0.8,32.923479398,31.785480706,50.9,1.2,11.6,92.6,104.2,36.2,63.8,10.202746893,1.530412034,1.0987573578,53.8
52,Claude Giroux,29,C,PHI,0.5357142857,1.6836734694,2.2193877551,-15,38,4.9,9,5,0,3,17,26,1,7.6147959184,7,19.12,0.3414634146,0.8292682927,49.668367347,42.933673469,53.6,3.5,35.892857143,30.956632653,53.7,3,7.6,89.4,96.9,57.6,42.4,14.005102041,1.4540816327,1.3392857143,54.4
53,Nino Niederreiter,24,RW,MIN,1.213592233,1.5533980583,2.7669902913,17,53,7.4,17,8,0,3,26,6,0,9.0291262136,13.4,15.07,0.243902439,1.4634146341,50.67961165,40.873786408,55.4,7.8,36.990291262,30.485436893,54.8,6.4,10.2,91.2,101.4,52.5,47.5,14.32038835,1.5533980583,1.3106796117,63.1
54,Jack Eichel,20,C,BUF,1.1851851852,1.6296296296,2.8148148148,-13,22,6.6,14,10,0,4,19,14,0,12.296296296,9.6,19.92,0.5737704918,0.4262295082,47.555555556,52.098765432,47.7,1.2,37.333333333,38.913580247,49,2.7,8,90.9,98.9,52.4,47.6,21.185185185,1.8765432099,2.2716049383,58.3
55,T.J. Oshie,30,RW,WSH,1.6309719934,1.136738056,2.7677100494,28,36,8.7,25,7,1,4,15,6,2,7.0675453048,23.1,17.85,0.7352941176,1.3970588235,45.568369028,43.937397035,50.9,-0.2,34.546952224,32.075782537,51.9,1.6,12.6,92.3,104.9,53,47,12.355848435,2.4217462932,1.6309719934,57.2
56,J.T. Miller,23,LW,NYR,0.9836065574,1.520119225,2.5037257824,17,21,6.8,17,2,3,6,28,5,1,5.9016393443,16.7,16.37,0.6829268293,1.2317073171,43.323397914,51.862891207,45.5,-3.5,33.084947839,37.287630402,47,-2.8,11.4,93,104.4,43.7,56.3,10.41728763,2.1907600596,2.2801788376,56.7
57,Charlie Coyle,24,C,MIN,0.7883211679,1.6642335766,2.4525547445,13,36,6.1,14,4,0,5,33,5,0,6.9635036496,11.3,16.71,0.7682926829,1.2317073171,47.518248175,47.080291971,50.2,1.1,35.430656934,33.98540146,51,1.5,10.1,90.8,101,50.1,49.9,11.605839416,1.3138686131,1.4890510949,60
58,Josh Bailey,27,RW,NYI,0.5179282869,1.7131474104,2.2310756972,5,12,5.2,10,3,0,1,34,9,0,6.8924302789,7.5,18.37,0.6463414634,0.4512195122,49.641434263,48.28685259,50.7,4.4,36.334661355,34.940239044,51,4.5,10.5,90.1,100.6,62.1,37.9,12.111553785,2.1513944223,2.4302788845,56.9
60,Kyle Turris,27,C,OTT,1.0650887574,1.1045364892,2.1696252465,-3,47,6.5,21,6,0,6,17,11,0,7.2978303748,14.6,19.50,0.7820512821,0.2692307692,46.74556213,49.743589744,48.4,0,33.648915187,36.686390533,47.8,-1.6,7.9,92.4,100.3,52.3,47.7,13.806706114,0.9861932939,2.2485207101,52.9
61,Brayden Schenn,25,C,PHI,1.066098081,1.2793176972,2.3454157783,-13,38,6.2,8,17,0,7,19,11,0,7.5906183369,14,17.81,0.5316455696,2.3924050633,46.353944563,47.63326226,49.3,-2.6,33.603411514,33.9445629,49.7,-2.7,7.9,90.7,98.6,57.1,42.9,13.518123667,0.7675906183,1.5351812367,56.2
62,Ryan O'Reilly,25,C,BUF,0.7766990291,1.359223301,2.1359223301,-1,10,6,11,8,1,3,18,16,1,7.3398058252,10.6,21.46,0.625,0.2916666667,42.368932039,43.300970874,49.5,2.6,32.038834951,33.436893204,48.9,1.6,7.5,92.4,100,45.9,54.1,11.533980583,2.2524271845,1.0485436893,63.6
63,Radim Vrbata,35,RW,ARI,0.8765522279,1.5339663988,2.4105186267,-18,16,5.3,16,4,0,4,24,11,0,10.211833455,8.6,16.90,0.3827160494,0.5925925926,44.92330168,51.102994887,46.8,2.1,33.92257122,40.233747261,45.7,1.7,8.2,90.5,98.7,43.7,56.3,17.881665449,1.4901387874,1.4024835646,56.9
64,Jaden Schwartz,24,LW,STL,0.7728813559,1.4644067797,2.2372881356,14,18,6.4,16,3,0,4,30,6,0,7.2813559322,10.6,18.91,0.5512820513,0.9102564103,47.308474576,41.898305085,53,4.4,34.250847458,30.386440678,53,3.9,10.5,90.8,101.3,52.6,47.4,12.325423729,2.4,1.1796610169,59.1
65,Tyler Bozak,30,C,TOR,0.8424336973,1.7316692668,2.5741029641,-1,30,5.8,11,7,0,1,26,11,0,6.7862714509,12.4,16.44,0.3333333333,0.5769230769,54.243369735,50.592823713,51.7,1.4,40.530421217,40.15600624,50.2,0.2,9.7,90.7,100.4,52.5,47.5,11.138845554,2.4336973479,2.2464898596,60.9
66,Derek Stepan,26,C,NYR,0.6768414068,1.5129396151,2.1897810219,19,16,5.9,12,4,1,2,24,14,0,8.3211678832,8.1,18.60,0.5555555556,0.3209876543,45.268745853,43.95487724,50.7,3.7,33.96151294,31.214333112,52.1,4.1,9,93,102,52.5,47.5,13.297942933,2.0305242203,2.2295952223,62.6
67,Wayne Simmonds,28,RW,PHI,1.1953727506,0.8868894602,2.0822622108,-18,122,6.3,13,16,2,4,14,9,0,8.6375321337,13.8,18.98,0.7317073171,1.9756097561,43.997429306,43.573264781,50.2,-1.3,31.349614396,30.424164524,50.7,-1.2,8.1,88.9,97,59.9,40.1,15.30848329,1.4652956298,1.5038560411,56.4
68,David Krejci,30,C,BOS,0.9212283044,1.2416555407,2.1628838451,-12,26,6,15,8,0,3,25,6,0,6.3284379172,14.6,18.27,0.6219512195,0.487804878,51.949265688,43.898531375,54.2,-0.9,39.052069426,32.323097463,54.7,-0.9,8,89,97,53.6,46.4,12.416555407,2.4032042724,2.0427236315,51
69,Vincent Trocheck,23,C,FLA,0.8079625293,1.0889929742,1.8969555035,-13,43,5.5,21,2,0,2,20,10,1,8.0796252927,10,20.83,0.6219512195,2,47.423887588,40.18735363,54.1,5.4,35.585480094,31.405152225,53.1,4.5,8.1,90.1,98.2,50.8,49.2,14.859484778,2.2131147541,2.4238875878,54.4
70,Mark Stone,24,RW,OTT,1.0015174507,1.4567526555,2.4582701062,12,25,6.8,16,6,0,5,24,8,0,6.1001517451,16.4,18.56,0.7464788732,0.6056338028,51.805766313,43.383915023,54.4,8.4,38.012139605,31.229135053,54.9,8.6,9.4,91.2,100.6,53.6,46.4,10.424886191,4.3702579666,2.1396054628,58.5
71,Alexander Radulov,30,RW,MTL,0.7769784173,1.5539568345,2.3309352518,10,62,6.1,12,6,0,2,26,10,0,6.345323741,12.2,18.29,0.5394736842,1,53.611510791,45.28057554,54.2,2.3,38.287769784,33.45323741,53.4,1.4,9.3,92.1,101.3,62.5,37.5,12.215827338,1.8129496403,2.2446043165,52.3
72,Chris Kreider,25,LW,NYR,1.3176470588,1.1764705882,2.4941176471,6,58,6.8,22,6,0,4,18,7,0,8.7529411765,15.1,17.00,0.4,1.76,51.811764706,43.247058824,54.5,8.5,38.870588235,32.141176471,54.7,7.7,9.2,90.5,99.7,55.3,44.7,14.964705882,0.8,1.5529411765,58.5
73,Kyle Palmieri,25,RW,NJD,1.1239193084,1.1671469741,2.2910662824,2,46,7.1,17,8,1,3,16,11,0,8.2997118156,13.5,17.35,0.45,1.55,40.028818444,43.919308357,47.7,0.4,29.69740634,33.458213256,47,-0.7,9.6,92.5,102.1,45.9,54.1,16.080691643,1.2536023055,1.469740634,51.6
74,Brandon Saad,24,LW,CBJ,1.0315186246,1.2464183381,2.2779369628,23,8,7.2,23,1,0,4,27,2,0,9.0257879656,11.4,17.02,0.3170731707,0.2926829268,53.037249284,43.796561605,54.8,6.4,40.358166189,32.87965616,55.1,6.7,8.9,92.7,101.6,57.8,42.2,15.859598854,1.8481375358,1.2464183381,56.6
75,Conor Sheary,24,LW,PIT,1.4197530864,1.8518518519,3.2716049383,24,22,7.3,21,2,0,6,27,3,0,9.5061728395,14.9,15.93,0.3770491803,0.4754098361,57.407407407,51.851851852,52.5,4,43.765432099,39.135802469,52.8,2.8,11.2,93.2,104.4,63,37,15.185185185,1.6049382716,1.5432098765,63.4
76,Mikael Backlund,27,C,CGY,0.9256661992,1.3043478261,2.2300140252,9,36,6.2,15,7,0,7,19,9,3,8.2889200561,11.2,17.60,0.5061728395,0.6790123457,47.124824684,38.625525947,55,6.2,35.091164095,28.73772791,55,6.9,9.2,89.9,99.1,36.3,63.7,14.221598878,2.3983169705,2.0617110799,58.3
77,Patrice Bergeron,31,C,BOS,0.8213820078,1.2516297262,2.073011734,12,24,6.6,13,8,0,7,20,9,3,11.812255541,7,19.42,0.5949367089,0.6835443038,52.646675359,32.58148631,61.8,9.7,40.091264668,24.524119948,62,9.6,7.8,89.5,97.3,54.7,45.3,18.774445893,2.5423728814,0.8996088657,62.9
78,Jonathan Drouin,21,LW,TBL,0.9744779582,1.4849187935,2.4593967517,-13,16,5.5,12,9,0,6,15,17,0,8.4918793503,11.5,17.71,0.2191780822,0.6849315068,46.774941995,41.948955916,52.7,1.5,35.313225058,32.761020882,51.9,1.4,7.9,90.7,98.6,58.1,41.9,14.988399072,2.0881670534,3.0162412993,56.7
79,Taylor Hall,25,LW,NJD,0.8620689655,1.4224137931,2.2844827586,-9,32,5.9,13,7,0,4,25,8,0,10.25862069,8.4,19.33,0.4305555556,0.8194444444,47.629310345,43.577586207,52.2,7.6,37.112068966,33.706896552,52.4,7.3,7.2,91.5,98.8,50,50,16.853448276,1.8534482759,1.8965517241,60.6
80,Corey Perry,31,RW,ANA,0.7845836201,1.4039917412,2.1885753613,2,76,5.8,14,5,0,3,19,15,0,8.8781830695,8.8,17.72,0.4268292683,0.987804878,45.836200964,45.134205093,50.4,1.1,33.448038541,33.778389539,49.8,-0.3,8.8,92.2,101.1,51.6,48.4,15.898141776,1.3214039917,1.5691672402,55.8
81,Nathan MacKinnon,21,C,COL,0.5871559633,1.3577981651,1.9449541284,-14,16,4.8,12,2,2,4,25,12,0,9.2110091743,6.4,19.94,0.3658536585,0.6829268293,47.779816514,44.293577982,51.9,4.4,36.550458716,34.275229358,51.6,5.2,8.2,89.1,97.3,54.3,45.7,16,1.7247706422,1.6513761468,57.8
83,Anders Lee,26,LW,NYI,1.6152019002,0.8551068884,2.4703087886,9,56,7.7,25,9,0,6,13,5,0,9.0736342043,17.8,15.59,0.4197530864,2.1234567901,52.779097387,47.83847981,52.5,6.6,39.287410926,34.964370546,52.9,6.9,9.3,91.7,101,54.1,45.9,13.681710214,1.0451306413,1.2351543943,66.3
84,Logan Couture,27,C,SJS,1.1673151751,1.2607003891,2.4280155642,11,12,6.9,14,11,0,3,22,4,1,8.1245136187,14.4,17.60,0.8904109589,0.7808219178,45.898832685,46.505836576,49.7,-2.2,33.66536965,32.217898833,51.1,-1.4,9.9,92.8,102.7,52.6,47.4,15.408560311,1.7743190661,3.5486381323,52.7
85,Aleksander Barkov,21,C,FLA,1.0641891892,1.5709459459,2.6351351351,13,10,6.9,18,3,0,5,20,11,0,7.1959459459,14.8,19.41,0.4918032787,0.6393442623,46.165540541,36.891891892,55.6,5.2,35.675675676,30.101351351,54.2,4.1,9.5,91.7,101.2,57.2,42.8,11.452702703,2.4831081081,1.5202702703,62.8
86,Bo Horvat,21,C,VAN,0.8213552361,1.3141683778,2.135523614,-7,27,5.7,15,3,2,1,25,7,0,6.4887063655,12.7,18.04,0.5061728395,0.8024691358,42.135523614,45.338809035,48.2,-0.1,31.416837782,34.168377823,47.9,1.3,9.2,90.5,99.8,47.4,52.6,11.745379877,1.5195071869,1.1088295688,55.2
87,Ondrej Palat,25,LW,TBL,0.7112970711,1.4644351464,2.1757322176,8,39,5.6,12,5,0,3,25,10,0,6.7782426778,10.5,19.12,0.88,1.88,45.481171548,40.209205021,53.1,2.8,34.142259414,31.380753138,52.1,2.5,9.7,92.1,101.8,56,44,11.589958159,2.510460251,1.9246861925,58.5
89,Anze Kopitar,29,C,LAK,0.4562737643,1.5209125475,1.9771863118,-10,28,4.6,7,5,0,0,25,14,1,5.7034220532,8,20.76,0.7763157895,1.0263157895,47.034220532,38.669201521,54.9,-0.3,34.600760456,29.315589354,54.1,-1.1,7.7,90,97.7,52.6,47.4,11.02661597,1.102661597,1.4068441065,51.7
90,Rickard Rakell,23,C,ANA,1.6045380875,0.8752025932,2.4797406807,10,12,7.8,28,5,0,10,11,7,0,8.6061588331,18.6,17.38,0.4507042254,1.1408450704,48.670988655,45.705024311,51.6,3.3,35.883306321,33.160453809,52,3,10.9,91.4,102.3,56.2,43.8,15.996758509,1.1183144246,1.7990275527,53.8
91,Patrick Eaves,32,RW,TOT,1.4814814815,0.8796296296,2.3611111111,-2,24,6.9,19,13,0,2,14,5,0,9.6759259259,15.3,16.41,0.5443037975,1.1265822785,51.712962963,47.685185185,52,3,38.981481481,33.101851852,54.1,5.1,8.2,91.1,99.3,49.3,50.7,16.666666667,1.3888888889,0.8796296296,58.1
92,Jon Marchessault,26,C,FLA,1.4195583596,0.9936908517,2.4132492114,-21,38,6.2,22,8,0,6,11,10,0,9.1324921136,15.5,16.91,0.2266666667,1.4,47.555205047,44.148264984,51.9,2.1,36.293375394,35.820189274,50.3,0.6,8.2,88.9,97.2,57.3,42.7,14.905362776,3.0283911672,2.1766561514,61.3
93,Nick Foligno,29,LW,CBJ,1.0714285714,1.0302197802,2.1016483516,-4,55,5.9,15,11,0,5,15,10,0,7.6236263736,14.1,18.43,0.6329113924,1.9873417722,46.318681319,43.928571429,51.3,1.6,35.068681319,33.173076923,51.4,1.6,7.8,91.1,98.9,57.4,42.6,11.538461538,1.8131868132,1.4423076923,66.1
94,Jordan Eberle,26,RW,EDM,0.8727272727,1.3527272727,2.2254545455,3,16,5.7,16,4,0,0,21,10,0,9.0763636364,9.6,16.77,0.4512195122,0.3170731707,53.890909091,48.087272727,52.8,3.8,40.669090909,34.385454545,54.2,4.3,7.7,92.7,100.4,55.5,44.5,16.538181818,1.6581818182,1.92,54.9
95,Alex Steen,32,LW,STL,0.654396728,1.4314928425,2.0858895706,-2,53,5,13,3,0,2,22,13,0,4.7852760736,13.7,19.30,0.9078947368,0.4342105263,37.137014315,40.736196319,47.7,-3.1,27.770961145,29.038854806,48.9,-1.7,10.7,90.3,101,50.2,49.8,9.3251533742,1.1042944785,0.736196319,51.3
98,Milan Lucic,28,LW,EDM,0.9808102345,1.1513859275,2.132196162,-3,50,5.7,11,12,0,3,14,13,0,7.4626865672,13.1,17.16,0.243902439,2.4634146341,49.125799574,46.31130064,51.5,1.8,36.247334755,34.328358209,51.4,0.3,7.8,91.7,99.5,55.3,44.7,13.219616205,1.1087420043,2.0895522388,56.5
99,Sam Gagner,27,C,CBJ,0.9720972097,1.7281728173,2.700270027,10,22,6.1,10,8,0,1,22,10,0,9.6129612961,10.1,13.72,0.1975308642,0.2716049383,51.089108911,42.124212421,54.8,5.8,38.451845185,30.621062106,55.7,6.8,8.2,91.9,100.1,52.3,47.7,16.525652565,0.9180918092,1.4581458146,58.5
100,Henrik Sedin,36,C,VAN,0.5765534914,1.3452914798,1.9218449712,-27,28,3.9,14,1,0,4,21,14,0,3.8052530429,15.2,19.04,0.1341463415,0.1829268293,43.818065343,42.972453555,50.5,3.2,31.864189622,33.901345291,48.5,2.1,7.5,89.4,96.9,60.3,39.7,6.1499039078,1.1146700833,1.99871877,61.9
101,Jason Spezza,33,C,DAL,0.8181818182,1.9090909091,2.7272727273,-18,29,4.5,12,2,1,4,18,17,0,8.1272727273,10.1,16.18,0.4558823529,0.1911764706,50.018181818,48.272727273,50.9,-0.1,35.836363636,35.345454545,50.3,-1.4,9.6,87.4,96.9,52.4,47.6,15.545454545,1.7454545455,2.6727272727,52.3
103,Joe Thornton,37,C,SJS,0.2943237561,1.8079887877,2.1023125438,7,51,4.3,6,1,0,0,25,18,0,3.405746321,8.6,18.06,0.3924050633,0.6582278481,51.506657323,44.022424667,53.9,3.7,37.084793273,31.114225648,54.4,3.2,9.4,90.9,100.3,54.1,45.9,6.1387526279,2.6489138052,3.1114225648,56.2
104,Sebastian Aho,19,RW,CAR,1.045751634,1.0893246187,2.1350762527,-1,26,5.9,17,6,1,4,13,11,1,9.3246187364,11.2,16.79,0.1707317073,0.6219512195,49.063180828,43.137254902,53.2,2.7,36.688453159,33.725490196,52.1,2.4,7.6,91.2,98.8,54.7,45.3,15.773420479,1.74291939,2.4836601307,59.1
105,Jakob Silfverberg,26,RW,ANA,0.9452054795,1.0684931507,2.0136986301,10,20,6.1,17,5,1,5,22,4,0,9.3287671233,10.1,18.48,0.582278481,0.5949367089,47.260273973,45.328767123,51,2.2,36.164383562,33.98630137,51.6,2.5,8.4,93.1,101.5,37.4,62.6,15.739726027,1.8904109589,1.5616438356,59.3
106,Kevin Hayes,24,RW,NYR,0.8108108108,1.5262321145,2.3370429253,10,18,5.3,15,1,1,4,20,6,6,6.8203497615,11.9,16.55,0.3947368421,0.5263157895,39.109697933,49.936406995,43.9,-5.5,29.618441971,36.438791733,44.8,-5.5,11.9,91.8,103.7,40.7,59.3,11.73290938,2.5755166932,3.1478537361,58.1
109,Justin Williams,35,RW,WSH,1.1631663974,1.1631663974,2.3263327948,14,50,6.2,19,5,0,4,19,5,0,8.0936995153,14.4,15.48,0.5125,0.35,48.949919225,42.067851373,53.8,3.3,37.60904685,31.987075929,54,4.3,8.9,92,100.9,60,40,14.054927302,1.7932148627,2.1324717286,57.6
110,Thomas Vanek,33,LW,TOT,1.0418794688,1.899897855,2.9417773238,-5,22,5.5,12,5,0,2,23,8,0,8.151174668,12.8,14.40,0.0735294118,0.4264705882,44.862104188,47.068437181,48.8,-0.5,35.669050051,38.304392237,48.2,-1.4,9.9,91,101,71.1,28.9,13.237997957,1.2870275792,2.0837589377,61.6
112,Matthew Tkachuk,19,LW,CGY,0.7001795332,1.8850987433,2.5852782765,14,105,5.4,10,3,0,2,25,10,0,7.6481149013,9.2,14.66,0.2894736842,0.8552631579,55.206463196,43.518850987,55.9,7.4,40.448833034,32.262118492,55.6,7.6,9.2,91.5,100.7,35.7,64.3,12.49551167,2.1543985637,1.4542190305,61.2
113,Gustav Nyquist,27,RW,DET,0.5433962264,1.6301886792,2.1735849057,0,18,4.7,10,2,0,2,29,7,0,7.4716981132,7.3,17.43,0.2631578947,0.7105263158,46.00754717,44.966037736,50.6,3.1,34.913207547,35.320754717,49.7,1.9,9.7,91.1,100.9,56.4,43.6,13.222641509,1.4490566038,1.5849056604,56.5
114,Jason Zucker,25,LW,MIN,1.0927152318,1.2417218543,2.3344370861,34,30,6.7,21,1,0,3,25,0,0,8.5430463576,12.8,15.29,0.5316455696,0.9240506329,51.804635762,52.301324503,49.8,0.6,40.380794702,38.592715232,51.1,1.8,11.8,93.3,105.1,41.7,58.3,14.503311258,2.1854304636,1.142384106,58.9
115,Bryan Little,29,C,WPG,1.2162162162,1.5057915058,2.722007722,-7,18,5.3,15,6,0,3,20,6,0,6.8918918919,17.6,17.56,0.3898305085,0.593220339,45.810810811,44.247104247,50.9,1.8,35.791505792,33.590733591,51.6,2.2,9.9,88.9,98.9,53.1,46.9,10.945945946,1.7953667954,1.1003861004,63
116,Sam Reinhart,21,C,BUF,0.75,1.3235294118,2.0735294118,-11,8,4.6,8,9,0,3,22,8,0,7.8529411765,9.6,17.22,0.5063291139,0.2658227848,46.5,47.955882353,49.2,2.6,35.823529412,35.514705882,50.2,3.9,7.6,90.8,98.3,53.1,46.9,12.352941176,1.1029411765,1.1911764706,63.6
117,Jason Pominville,34,RW,MIN,0.7027027027,1.8378378378,2.5405405405,2,4,4.6,13,0,0,2,27,7,0,9.5135135135,7.4,14.23,0.5,0.5641025641,53.567567568,46.324324324,53.6,5.9,40.594594595,34.648648649,54,5.6,8.8,90.2,99,52,48,16.540540541,1.1891891892,0.7027027027,57.5
119,Patrick Marleau,37,LW,SJS,1.1513859275,0.8102345416,1.9616204691,4,28,6,20,7,0,6,10,9,0,8.1023454158,14.2,17.16,0.3902439024,1,49.850746269,47.121535181,51.4,0.2,36.289978678,33.347547974,52.1,0,8.8,92.3,101,51.3,48.7,13.859275053,1.9616204691,2.1748400853,58.2
120,Tomas Tatar,26,LW,DET,1.0585744531,0.8892025406,1.9477769936,-8,26,5.4,20,5,0,5,18,3,0,7.0289343684,15.1,17.28,0.2926829268,1.1219512195,45.688073394,42.258292167,51.9,4.7,34.340155258,32.94283698,51,3.4,9.9,88.8,98.7,54,46,13.592095977,1.4396612562,1.6090331687,51.7
121,David Perron,28,LW,STL,0.7616361072,1.1847672779,1.946403385,-2,54,4.7,14,3,1,3,18,10,0,6.389280677,11.9,17.29,0.3414634146,1.0609756098,42.524682652,41.466854725,50.6,1.1,31.607898449,31.269393512,50.3,0,9,90.5,99.5,43.9,56.1,11.001410437,2.0310296192,0.8885754584,58.1
122,Jaromir Jagr,44,RW,FLA,0.6886657102,1.2912482066,1.9799139168,2,56,4.9,8,8,0,2,25,5,0,7.7905308465,8.8,17.00,0.0487804878,0.256097561,50.401721664,40.631276901,55.4,6.7,39.426111908,33.400286944,54.1,5.7,8.1,91.7,99.8,56.8,43.2,12.697274032,1.7216642755,1.893830703,61.4
124,Marian Hossa,38,RW,CHI,1.2672623883,0.9260763607,2.193338749,7,8,5.8,20,5,1,7,13,6,0,8.1397238018,15.6,16.86,0.4931506849,0.4383561644,43.135662063,44.451665313,49.2,-1.4,31.291632819,32.315190902,49.2,-0.9,9.2,92.7,101.9,53,47,14.76848091,2.2908204712,1.4134849716,55.1
125,Artem Anisimov,28,C,CHI,1.1558669002,1.2084063047,2.3642732049,9,30,5.6,18,4,0,7,19,4,0,5.5166374781,21,17.84,0.421875,0.28125,44.973730298,45.446584939,49.7,-0.5,32.3117338,34.781085814,48.2,-1.6,11.9,92,103.9,65.1,34.9,10.03502627,1.8388791594,0.8406304729,55
126,Brock Nelson,25,LW,NYI,0.9463722397,1.1829652997,2.1293375394,-6,36,4.7,19,1,0,4,19,5,1,8.1861198738,11.6,15.65,0.5925925926,0.6172839506,43.059936909,52.192429022,45.2,-3.1,30.94637224,37.476340694,45.2,-3.4,9.9,90.7,100.7,47.7,52.3,14.432176656,2.0347003155,2.0347003155,56.7
127,Tyler Johnson,26,C,TBL,0.9178743961,1.2560386473,2.1739130435,-5,28,4.8,13,6,0,3,15,11,0,6.2801932367,14.6,18.82,0.4545454545,0.696969697,40.676328502,40.38647343,50.2,-1.6,30.724637681,31.207729469,49.6,-1.6,8.8,91.5,100.3,51.2,48.8,12.077294686,1.2560386473,1.5458937198,52
128,Kyle Okposo,28,RW,BUF,0.9245742092,1.2652068127,2.1897810219,-7,24,5,12,7,0,2,10,16,0,7.5912408759,12.2,18.97,0.3846153846,0.8153846154,43.795620438,48.272506083,47.6,0.8,32.798053528,37.664233577,46.5,-0.6,7.3,92.7,100,46.6,53.4,13.771289538,1.2652068127,1.7518248175,54.8
129,Victor Rask,23,C,CAR,0.6770098731,1.2270803949,1.904090268,-10,16,4.2,12,4,0,3,22,6,1,7.8702397743,8.6,17.29,0.4024390244,0.5243902439,50.521861777,49.083215797,50.7,-0.7,37.658674189,37.78561354,49.9,-0.7,8.1,90.6,98.7,58.8,41.2,13.117066291,1.7348377997,1.946403385,60
130,Jordan Staal,28,C,CAR,0.6857142857,1.2428571429,1.9285714286,-1,38,4.6,11,4,1,3,25,4,0,7.0285714286,9.8,18.67,0.3866666667,1.8533333333,50.228571429,39.257142857,56.1,6.8,38.014285714,30.085714286,55.8,7.6,7.6,90.4,98,49.2,50.8,11.7,2.3571428571,1.8,60.1
131,Travis Zajac,31,C,NJD,0.5323193916,1.1787072243,1.711026616,-8,33,4.2,7,6,1,1,24,6,1,4.7908745247,11.1,19.73,0.325,1.0125,39.429657795,39.809885932,49.8,3.6,30.114068441,30.646387833,49.6,2.8,8.4,90.4,98.8,45.6,54.4,7.4144486692,1.6730038023,0.9505703422,64.6
132,Mathieu Perreault,29,C,WPG,0.7365439093,1.8130311615,2.5495750708,-11,30,4,10,3,0,3,20,12,0,7.5920679887,9.7,16.29,0.4,1.4923076923,48.668555241,43.172804533,53,4.3,37.337110482,33.144475921,53,4.2,9.6,87.8,97.4,53,47,12.351274788,1.8696883853,1.1331444759,61.5
133,Elias Lindholm,22,C,CAR,0.5042016807,1.5584415584,2.0626432391,-2,16,4.1,8,2,1,0,21,9,4,6.9213139801,7.3,18.18,0.5972222222,1.375,49.824293354,44.782276547,52.7,2.1,36.715049656,33.139801375,52.6,3.1,7.8,90.3,98.1,49.9,50.1,12.467532468,2.6126814362,1.6959511077,55.5
135,Tanner Pearson,24,LW,LAK,1.1026033691,0.9188361409,2.02143951,5,13,6,20,3,1,5,14,5,1,8.5911179173,12.8,16.33,0.3875,1.55,52.098009188,39.601837672,56.8,2.6,38.499234303,29.356814701,56.7,2.8,8,90.4,98.4,58.3,41.7,16.676875957,1.1485451761,0.9188361409,51.2
136,Richard Panik,25,RW,CHI,1.0927152318,1.0927152318,2.1854304636,14,58,5.6,18,4,0,5,17,5,0,7.6986754967,14.2,14.73,0.5487804878,1.7926829268,49.221854305,50.11589404,49.6,-1.2,35.066225166,35.860927152,49.4,-0.9,10.4,92.8,103.2,50,50,13.460264901,1.4900662252,1.142384106,57.6
137,Patric Hornqvist,30,RW,PIT,1.1280214861,1.2354521038,2.36347359,16,28,5.5,11,10,0,6,16,7,0,11.978513876,9.4,15.96,0.8857142857,3.2428571429,51.566696509,44.42256043,53.7,6.1,39.373321397,30.940017905,56,7.8,9.5,91.8,101.3,56.3,43.7,17.511190689,1.6114592659,0.5908683975,68.4
138,Michael Frolik,28,RW,CGY,0.7280513919,1.1563169165,1.8843683084,13,58,4.9,12,3,2,1,21,5,1,8.6509635974,8.4,17.09,0.5853658537,0.7317073171,51.092077088,40.34261242,55.9,7.6,37.773019272,30.021413276,55.7,8.1,8.6,91,99.7,37.2,62.8,15.074946467,1.9271948608,1.6274089936,57.4
139,Alex Galchenyuk,22,C,MTL,1.049382716,1.6666666667,2.7160493827,-5,24,4.9,11,6,0,6,18,9,0,6.4197530864,16.3,15.93,0.5245901639,0.5901639344,51.790123457,51.049382716,50.4,-1.8,37.839506173,38.518518519,49.6,-2.7,9.4,90.8,100.2,68.3,31.7,12.222222222,1.049382716,2.0987654321,52.5
140,Daniel Sedin,36,LW,VAN,0.5968169761,1.1538461538,1.75066313,-16,32,3.8,9,6,0,3,21,8,0,8.5941644562,6.9,18.39,0.2195121951,0.243902439,44.602122016,43.567639257,50.6,3.4,32.307692308,34.018567639,48.7,2.5,7.7,91,98.7,60.9,39.1,13.726790451,1.0344827586,1.1936339523,62.6
142,Evander Kane,25,LW,BUF,1.25,0.6696428571,1.9196428571,-17,113,5.1,25,3,0,5,10,5,0,11.607142857,10.8,19.20,0.4142857143,1.5571428571,47.008928571,51.160714286,47.9,0.9,35.982142857,39.419642857,47.7,0.5,6.9,90.5,97.4,53.7,46.3,19.642857143,1.5178571429,1.4732142857,59.1
143,Paul Byron,27,LW,MTL,1.0819672131,1.0327868852,2.1147540984,21,29,6,21,0,1,6,17,4,0,4.7213114754,22.9,15.06,0.4197530864,1.4691358025,49.37704918,42.196721311,53.9,1.8,34.475409836,30.639344262,52.9,0.8,10,93,103,49.8,50.2,7.7704918033,1.9672131148,1.0819672131,60.8
144,Ryan Nugent-Hopkins,23,C,EDM,0.744314266,1.0337698139,1.7780840799,-10,29,4,13,5,0,4,19,6,0,8.2701585114,9,17.70,0.4268292683,0.5731707317,45.692625775,46.354238456,49.6,-0.8,34.031702274,33.246037216,50.6,-0.8,6.8,91.4,98.2,50.5,49.5,13.397656788,1.9848380427,1.2405237767,61.7
146,Patrick Maroon,28,LW,EDM,1.1946902655,0.6637168142,1.8584070796,13,95,6,24,3,0,5,12,3,0,7.8761061947,15.2,16.74,0.2839506173,2.3333333333,54.646017699,47.345132743,53.6,5,40.973451327,34.203539823,54.5,5,9.3,91.4,100.7,57.7,42.3,13.274336283,1.4601769912,2.1681415929,59.3
147,Zach Parise,32,LW,MIN,0.9476309227,1.1471321696,2.0947630923,-3,30,4.3,13,6,0,4,17,6,0,9.6758104738,9.8,17.43,1,0.6666666667,49.526184539,50.224438903,49.7,0.2,37.755610973,37.057356608,50.5,0.4,8.5,90.3,98.8,52.4,47.6,14.962593516,1.6458852868,0.8478802993,64.7
148,Mike Fisher,36,C,NSH,0.9030100334,1.2040133779,2.1070234114,1,55,4.7,11,7,0,3,14,10,0,6.0200668896,15,16.61,0.8888888889,2.2222222222,41.387959866,40.685618729,50.4,-1.1,31.003344482,30.050167224,50.8,-0.4,8.3,91,99.3,39.6,60.4,9.7324414716,1.0535117057,0.9531772575,61.9
150,Teuvo Teravainen,22,LW,CAR,0.6844106464,1.2319391635,1.9163498099,-6,16,4.1,10,5,0,2,17,10,0,7.711026616,8.9,16.23,0.4074074074,0.3333333333,49.961977186,41.019011407,54.9,5,37.505703422,31.939163498,54,5,7.5,90.7,98.1,58.4,41.6,13.596958175,2.3269961977,3.0570342205,56.7
151,Valtteri Filppula,32,C,TOT,0.5236363636,1.3090909091,1.8327272727,-1,26,3.7,12,0,0,1,23,7,0,4.2327272727,12.4,17.41,0.4936708861,0.3291139241,42.545454545,44.465454545,48.9,-3,32.901818182,33.774545455,49.3,-2.2,9.6,90.5,100.1,48.6,51.4,6.4145454545,1.3090909091,1.7018181818,66
154,James Neal,29,RW,NSH,1.1138014528,0.8716707022,1.985472155,-10,35,4.6,18,5,0,5,10,8,0,9.7820823245,11.4,17.70,0.2571428571,1.2,50.750605327,45.181598063,52.9,2.2,37.046004843,34.527845036,51.8,1.1,7.3,91,98.3,56.4,43.6,16.319612591,1.9370460048,1.4527845036,59.6
155,Matt Duchene,26,C,COL,0.7665010646,0.979418027,1.7459190916,-34,12,3.1,14,3,1,3,17,6,0,6.8133427963,11.3,18.30,0.5324675325,0.5454545455,46.202980837,44.329311568,51,3,35.088715401,33.938963804,50.8,3.9,7,87.7,94.7,47.1,52.9,11.710432931,2.5550035486,1.9588360539,58.2
156,Frans Nielsen,32,C,DET,0.7527675277,1.0627306273,1.815498155,-19,18,3.6,11,4,2,0,13,11,0,7.1734317343,10.5,17.15,0.6835443038,0.8101265823,40.870848708,41.579335793,49.6,0.9,31.350553506,32.324723247,49.2,0.5,7.4,89.3,96.7,57.8,42.2,12.177121771,1.2841328413,1.1512915129,58.9
157,Brandon Dubinsky,30,C,CBJ,0.5027932961,1.2150837989,1.717877095,16,91,4.1,10,1,1,5,26,3,0,4.8184357542,10.4,17.90,0.75,3.1,49.525139665,51.24301676,49.1,-1.7,35.698324022,36.997206704,49.1,-2,9.1,93,102.1,41.8,58.2,8.5055865922,1.5921787709,1.3407821229,56.2
159,Michael Grabner,29,RW,NYR,1.512605042,0.7282913165,2.2408963585,22,10,6.3,26,0,1,3,11,0,2,9.0756302521,16.7,14.09,0.4473684211,0.5394736842,44.31372549,54.173669468,45,-4.1,34.229691877,38.263305322,47.2,-2.6,11.8,93.1,104.9,43.2,56.8,14.733893557,2.6890756303,1.2324929972,61.2
160,Adam Henrique,26,C,NJD,0.8053691275,0.8053691275,1.610738255,-20,38,3.9,12,6,2,2,15,4,1,5.7181208054,14.1,18.17,0.8170731707,1.0609756098,37.530201342,42.845637584,46.7,-0.9,28.389261745,32.979865772,46.3,-1.8,8.3,90.1,98.4,48.4,51.6,9.744966443,1.8120805369,1.0872483221,58.7
161,Brayden Point,20,C,TBL,0.9270386266,1.1330472103,2.0600858369,4,14,4.7,13,5,0,2,15,7,0,6.2832618026,14.8,17.13,0.4558823529,0.5735294118,48.515021459,43.982832618,52.4,2.3,35.845493562,34.300429185,51.1,1.1,9.8,92.1,101.9,56.7,43.3,11.021459227,1.5450643777,0.9785407725,57
162,Paul Stastny,31,C,STL,0.8551068884,1.0451306413,1.9002375297,4,36,4.5,13,5,0,5,14,8,0,5.3206650831,16.1,19.14,0.5303030303,0.7727272727,41.567695962,40.855106888,50.4,0.1,30.736342043,29.548693587,51,0.8,10.2,90.7,100.9,46.2,53.8,8.1710213777,1.1401425178,0.4275534442,65.1
163,Lee Stempniak,33,RW,CAR,0.7390300231,1.1085450346,1.8475750577,2,32,4.3,14,2,0,2,20,4,0,6.0508083141,12.2,15.84,0.1951219512,1.3780487805,49.6073903,48.360277136,50.6,-0.8,34.087759815,37.27482679,47.8,-3.6,10.3,91.5,101.8,60.2,39.8,11.501154734,2.6327944573,2.2632794457,52.6
164,Phillip Danault,23,LW,MTL,0.6103286385,1.2676056338,1.8779342723,5,35,3.9,13,0,0,3,24,2,1,6.2441314554,9.8,15.59,0.6341463415,0.9268292683,58.028169014,46.431924883,55.6,4.3,41.17370892,33.474178404,55.2,3.9,7.5,92.3,99.8,48.1,51.9,10.610328638,2.3004694836,1.6901408451,58.8
167,Martin Hanzal,29,C,TOT,0.9538950715,0.906200318,1.8600953895,-17,53,3.7,15,5,0,2,15,4,0,8.0604133545,11.8,17.72,0.8169014085,2.0422535211,44.689984102,43.783783784,50.5,3.2,33.004769475,34.197138315,49.1,2.1,8.1,89.1,97.2,42.5,57.5,12.972972973,1.4785373609,1.4308426073,62.1
168,Derick Brassard,29,C,OTT,0.5965909091,1.0653409091,1.6619318182,12,24,4.1,11,3,0,3,21,4,0,8.3096590909,7.2,17.38,0.2962962963,1.1358024691,53.011363636,45.340909091,53.9,7.9,38.863636364,32.642045455,54.4,8,8.6,91.6,100.2,55.6,44.4,14.360795455,1.5767045455,1.5767045455,57.9
172,Ryan Spooner,25,C,BOS,0.6005459509,1.5286624204,2.1292083712,-8,14,3.7,8,3,0,3,12,15,1,7.9162875341,7.6,14.09,0.2179487179,0.3076923077,48.316651501,40.345768881,54.5,-0.5,35.868971793,28.717015469,55.5,0.3,7.1,90.5,97.6,62.3,37.7,12.229299363,1.9654231119,2.7297543221,65.2
178,Rick Nash,32,RW,NYR,1.2511332729,0.8159564823,2.0670897552,9,26,5,16,6,1,3,12,3,0,10.60743427,11.8,16.46,0.5223880597,0.9402985075,43.463281958,50.480507706,46.3,-1.9,33.617407072,36.826835902,47.7,-1.1,10.7,92.3,103,53.2,46.8,17.352674524,2.3390752493,2.5022665458,61.1
179,Mikko Rantanen,20,RW,COL,0.8862629247,0.7976366322,1.6838995569,-25,22,3.5,16,4,0,2,12,6,0,5.893648449,15,18.05,0.44,0.3866666667,49.896602659,50.871491876,49.5,0.7,37.754800591,39.394387001,48.9,1.1,8,88.9,96.8,52.6,47.4,10.723781388,2.1713441654,1.4180206795,55
180,David Backes,32,RW,BOS,0.8050513023,0.9944751381,1.7995264404,2,69,4.5,15,2,0,2,16,5,0,8.2872928177,9.7,17.12,0.6351351351,3.0405405405,54.411996843,42.052091555,56.4,2.2,41.34175217,30.639305446,57.4,2.8,8.7,89.2,97.9,50.3,49.7,13.496448303,1.3259668508,1.6574585635,61.1
184,Max Domi,21,LW,ARI,0.5389221557,1.7365269461,2.2754491018,-9,40,3.2,8,1,0,1,22,7,0,6.4670658683,8.3,16.98,0.3559322034,0.4745762712,45.089820359,53.71257485,45.6,2,33.652694611,41.856287425,44.6,1.3,9.6,91.3,100.9,48.3,51.7,12.51497006,1.6167664671,2.1556886228,51.7
186,Nick Bonino,28,C,PIT,0.8108108108,0.8558558559,1.6666666667,-5,16,3,11,6,1,1,14,5,0,6.3963963964,12.7,16.65,1.2375,0.75,39.324324324,45.45045045,46.4,-4.9,29.54954955,32.162162162,47.9,-4.2,7.1,92.3,99.4,43.2,56.8,10.18018018,1.8468468468,1.0810810811,62.8
188,Reilly Smith,25,RW,FLA,0.6130790191,0.8991825613,1.5122615804,-13,17,3.1,8,6,1,3,17,5,0,6.5395095368,9.4,18.35,0.425,0.9375,44.673024523,41.321525886,51.9,2,32.615803815,32.002724796,50.5,0.6,7.2,91.2,98.3,48.5,51.5,11.689373297,2.0027247956,1.5940054496,55.6
189,Kris Versteeg,30,RW,CGY,0.8858267717,1.2992125984,2.1850393701,-3,46,3.9,7,8,0,1,14,8,0,8.031496063,11,14.72,0.4057971014,0.0724637681,40.688976378,44.350393701,47.8,-3.2,29.05511811,33.720472441,46.3,-4.8,8.1,93.1,101.3,56.8,43.2,15,2.2440944882,1.8307086614,53.5
190,Mika Zibanejad,23,C,NYR,0.8786610879,1.4435146444,2.3221757322,9,16,4.2,10,4,0,2,16,7,0,7.4686192469,11.8,17.07,0.4821428571,0.4107142857,45.564853556,45.690376569,49.9,2.4,35.585774059,33.765690377,51.3,3.2,11.5,91.8,103.3,53.8,46.2,14.121338912,2.2594142259,1.9456066946,52.4
191,Scott Hartnell,34,LW,CBJ,0.8289054198,1.5302869288,2.3591923486,14,63,4.6,11,2,0,1,23,1,0,6.6312433581,12.5,12.06,0.5128205128,1.2051282051,51.200850159,45.653560043,52.9,3.2,37.4282678,33.8575983,52.5,2.7,9.7,92.3,102.1,49.5,50.5,10.967056323,1.0839532412,1.912858661,60.5
193,Connor Brown,23,RW,TOR,0.9029345372,0.7223476298,1.625282167,3,10,4,17,2,1,4,12,4,0,6.2753950339,14.4,16.21,0.5609756098,0.6097560976,48.261851016,48.171557562,50,-0.7,35.079006772,37.065462754,48.6,-1.7,9.2,91.6,100.8,51.8,48.2,11.241534989,1.8058690745,1.1286681716,55.8
194,Alex Killorn,27,LW,TBL,0.7818930041,0.6995884774,1.4814814815,-9,66,3.3,14,4,1,4,10,6,1,7.2427983539,10.8,18.00,0.3086419753,1.2222222222,43.909465021,41.440329218,51.4,0.1,32.839506173,31.810699588,50.8,0.1,7.6,91.3,98.9,52.9,47.1,12.222222222,1.3580246914,1.7695473251,59.6
195,Anthony Mantha,22,RW,DET,1.0691823899,1.1949685535,2.2641509434,10,53,4.9,16,1,0,3,17,2,0,8.3647798742,12.8,15.90,0.55,0.7666666667,50.314465409,42.13836478,54.4,7.3,38.427672956,31.761006289,54.7,7.8,9.7,91.2,100.8,53.4,46.6,13.58490566,1.6352201258,2.4528301887,61.6
196,Dustin Brown,32,RW,LAK,0.65625,1.03125,1.6875,-4,22,3.7,9,4,1,1,20,2,0,8.203125,8,16.00,0.3875,2.375,49.40625,43.03125,53.4,-1.8,36.84375,31.6875,53.8,-1.1,7.7,89.9,97.5,54.2,45.8,15.28125,1.171875,1.265625,53.7
202,Sven Baertschi,24,LW,VAN,1,0.9444444444,1.9444444444,-6,8,4.1,16,2,0,5,13,4,0,6.3333333333,15.8,15.88,0.4264705882,0.7647058824,43,49.888888889,46.3,-2.7,32.5,37.777777778,46.2,-1.2,10,90.6,100.7,50,50,10.277777778,2.1666666667,1.2777777778,61.6
203,Andrew Cogliano,29,LW,ANA,0.7735697019,0.918614021,1.6921837228,11,26,4.2,13,0,3,2,18,0,1,8.6059629331,9,15.13,0.3292682927,0.9268292683,54.585012087,46.655922643,53.9,6,41.531023368,34.907332796,54.3,6.1,7.1,92.8,99.8,44.4,55.6,14.165995165,0.918614021,1.2570507655,61.1
204,Mark Letestu,31,C,EDM,0.8640864086,1.0261026103,1.8901890189,-2,17,3.7,3,11,2,6,15,3,1,6.4806480648,13.3,14.24,0.4358974359,0.9102564103,32.943294329,39.639963996,45.4,-5.7,23.97839784,28.136813681,46,-6,8.5,91.8,100.3,34.9,65.1,12.04320432,1.296129613,1.296129613,54.3
205,Brian Gionta,38,RW,BUF,0.6607929515,0.8810572687,1.5418502203,-11,22,3,11,3,1,3,15,4,1,6.563876652,10.1,16.61,0.3658536585,0.6585365854,39.691629956,48.766519824,44.9,-3.3,30.528634361,37.004405286,45.2,-2.9,6.5,92.6,99.1,39.3,60.7,10.704845815,1.2334801762,1.1453744493,61.3
206,Andre Burakovsky,21,LW,WSH,0.8480565371,1.6254416961,2.4734982332,13,14,4.1,10,2,0,1,20,3,0,7.8445229682,10.8,13.27,0.390625,0.484375,56.819787986,46.148409894,55.2,5.5,39.293286219,36.183745583,52.1,1.9,8.9,93.8,102.8,57.6,42.4,15.689045936,2.332155477,2.332155477,50
207,Colin Wilson,27,LW,NSH,0.6876790831,1.3180515759,2.005730659,7,18,3.8,6,6,0,0,22,1,0,6.4756446991,10.6,14.96,0.3285714286,0.7142857143,52.320916905,46.303724928,53.1,1.9,37.70773639,35.300859599,51.6,0.5,9.9,91.7,101.5,51.2,48.8,10.544412607,1.3180515759,1.4326647564,61.4
210,Patrik Berglund,28,C,STL,1.0526315789,0.5034324943,1.5560640732,-7,32,3.9,19,4,0,5,7,4,0,7.0022883295,15,15.99,0.512195122,1.8902439024,44.988558352,42.929061785,51.2,1.8,33.684210526,32.219679634,51.1,1.2,8,90.7,98.6,41.5,58.5,12.585812357,1.9679633867,1.0526315789,55.6
211,Boone Jenner,23,C,CBJ,0.8200455581,0.728929385,1.5489749431,14,52,4.1,16,0,2,4,15,1,0,9.6127562642,8.5,16.06,0.9756097561,2.6341463415,51.161731207,54.851936219,48.3,-2.8,37.403189066,39.088838269,48.9,-2,8.4,93.7,102.1,41.8,58.2,16.9476082,1.9134396355,0.9111617312,56.7
212,Brandon Sutter,27,C,VAN,0.6697307945,0.6697307945,1.339461589,-20,12,2.7,13,4,0,1,13,4,0,6.303348654,10.6,18.80,0.6543209877,0.962962963,36.953381484,43.099146422,46.2,-2.8,26.868023638,33.525935653,44.5,-3.5,7.1,91.2,98.3,43.8,56.2,10.676296783,1.2606697308,0.8273145108,58.7
213,Tobias Rieder,24,RW,ARI,0.6931407942,0.7797833935,1.4729241877,-8,6,3,13,2,1,1,13,4,1,6.714801444,10.3,17.31,0.475,0.3,42.151624549,50.42599278,45.5,0.5,32.187725632,38.729241877,45.4,1.3,6.1,93.1,99.2,39.2,60.8,11.9566787,1.4729241877,0.6498194946,56.2
214,Tyler Toffoli,24,C,LAK,0.9186602871,1.033492823,1.95215311,6,22,4.4,12,4,0,2,14,3,1,9.4736842105,9.7,16.59,0.0634920635,0.8571428571,51.90430622,39.330143541,56.9,3.1,38.411483254,29.56937799,56.5,3.1,7.9,90.7,98.6,59.3,40.7,18.488038278,1.0909090909,1.7799043062,51.2
215,Sean Couturier,24,C,PHI,0.690221857,0.9860312243,1.6762530813,12,33,3.9,14,0,0,2,17,2,1,5.9161873459,11.7,18.44,0.5303030303,0.6212121212,49.942481512,41.709120789,54.5,4,36.729663106,29.975349219,55.1,4.2,9.3,91.2,100.5,42.8,57.2,9.5645028759,2.2678718159,1.6269515201,61.3
220,Jason Chimera,37,LW,NYI,1.1204481793,0.7282913165,1.8487394958,1,40,4,19,0,1,2,13,0,0,6.7787114846,16.5,13.06,0.3658536585,1.8170731707,48.459383754,59.271708683,45,-3.4,36.470588235,43.585434174,45.6,-3,9.4,91.6,100.9,47.5,52.5,10.028011204,1.1204481793,1.4565826331,67
221,Gabriel Landeskog,24,LW,COL,0.798816568,0.6656804734,1.4644970414,-25,62,2.7,12,5,1,2,14,1,0,7.5,10.7,18.78,0.5694444444,1.9861111111,45.355029586,40.562130178,52.8,4.8,33.372781065,31.642011834,51.3,3.9,6.7,88.4,95.1,50.6,49.4,11.76035503,2.8846153846,1.5976331361,63.4
223,Christian Dvorak,20,LW,ARI,0.7389162562,0.8866995074,1.6256157635,7,22,3.6,13,2,0,1,15,3,0,4.3349753695,17,15.62,0.7179487179,0.9230769231,43.990147783,56.206896552,43.9,-1.9,32.118226601,43.497536946,42.5,-2.7,9.5,93.9,103.4,49.5,50.5,8.078817734,0.6896551724,0.7389162562,53.7
224,Devin Shore,22,C,DAL,0.6729939603,1.0353753236,1.7083692839,-4,14,2.8,12,1,0,0,15,5,0,5.9534081104,11.3,14.13,0.8658536585,0.5365853659,47.213114754,50.836928387,48.2,-2.7,34.685073339,35.772217429,49.2,-1.9,7.8,92.4,100.2,48.2,51.8,11.026747196,1.3459879206,1.2942191544,54
225,Radek Faksa,23,C,DAL,0.5564142195,0.9737248841,1.5301391036,-6,67,2.4,12,0,0,0,19,2,0,6.1205564142,9.1,16.18,0.775,1.2625,50.540958269,47.109737249,51.8,2.2,37.14064915,33.98763524,52.2,2.1,8.6,89.8,98.4,40.7,59.3,11.545595054,1.9938176198,1.6692426584,53
226,Jean-Gabriel Pageau,24,C,OTT,0.5442176871,0.9523809524,1.4965986395,13,24,3.4,12,0,0,2,19,0,2,7.664399093,7.1,16.13,0.9634146341,1.9634146341,43.718820862,51.655328798,45.8,-3.6,32.426303855,36.235827664,47.2,-2.3,8.7,93.7,102.3,41.3,58.7,11.700680272,1.1337868481,1.2244897959,65.5
229,Markus Granlund,23,C,VAN,0.9547738693,0.6532663317,1.608040201,-19,14,3.2,16,3,0,3,9,4,0,6.1306532663,15.6,17.30,0.1594202899,0.4637681159,44.522613065,42.613065327,51.1,3.7,31.708542714,33.115577889,48.9,2.3,7.2,89.4,96.6,51.4,48.6,11.055276382,1.6582914573,0.9045226131,55.5
230,Dylan Larkin,20,C,DET,0.7894736842,0.6965944272,1.4860681115,-28,37,2.3,11,5,1,1,13,2,0,8.26625387,9.6,16.15,0.275,0.8375,45.278637771,46.439628483,49.4,0.9,34.551083591,35.990712074,49,0.4,6.7,89.2,95.9,52.6,47.4,14.39628483,2.2755417957,2.3684210526,57.4
231,Zack Smith,28,C,OTT,0.7920792079,0.7920792079,1.5841584158,6,61,3.6,11,1,4,1,16,0,0,6.7821782178,11.7,16.38,0.5135135135,1.8918918919,47.128712871,46.930693069,50.1,2.9,33.613861386,33.613861386,50,2.2,7,92.6,99.6,49,51,12.128712871,1.5346534653,1.7326732673,55.9
232,Ryan Dzingel,24,LW,OTT,0.7210300429,0.9270386266,1.6480686695,7,30,3.5,12,1,1,1,16,2,0,6.3347639485,11.4,14.38,0.2592592593,0.8765432099,51.141630901,53.098712446,49.1,1.1,37.287553648,39.193133047,48.8,0.1,8.3,92.9,101.3,52.3,47.7,10.454935622,1.1845493562,1.2875536481,60.6
233,Leo Komarov,30,C,TOR,0.6,0.7714285714,1.3714285714,6,31,2.8,9,4,1,1,11,6,1,4.8857142857,12.3,17.07,0.6097560976,2.8292682927,43.671428571,45.557142857,48.9,-2.2,32.314285714,34.628571429,48.3,-2.2,10.7,91.2,101.9,36.4,63.6,7.6285714286,1.9714285714,1.0714285714,64
234,Matt Moulson,33,LW,BUF,0.8936170213,1.1489361702,2.0425531915,-4,10,3.5,3,11,0,2,11,7,0,8.5531914894,10.4,11.60,0.2222222222,0.4567901235,43.659574468,42.574468085,50.6,4,33.638297872,33,50.5,3.7,5.8,93.1,98.9,54.2,45.8,12.765957447,1.1489361702,0.7659574468,67
235,Andrew Ladd,31,LW,NYI,1.0935023772,0.3803486529,1.4738510301,-14,45,3.1,19,3,1,4,6,2,0,6.7511885895,16.2,16.18,0.6923076923,1.4358974359,45.927099842,51.299524564,47.2,-0.5,32.614896989,36.561014263,47.1,-1.1,8,90.7,98.7,52.2,47.8,13.169572108,1.7591125198,2.0443740095,51.3
236,Ryan Hartman,22,LW,CHI,1.175257732,0.7422680412,1.9175257732,13,70,4.2,18,1,0,4,12,0,0,10.515463918,11.2,12.76,0.3947368421,1.5921052632,56.412371134,50.412371134,52.8,2.6,41.75257732,36.804123711,53.1,3.6,8.3,93.4,101.7,51.5,48.5,16.144329897,2.2268041237,1.9175257732,65.1
237,Alexandre Burrows,35,LW,TOT,0.8189262966,0.8735213831,1.6924476797,3,62,3.6,14,1,0,2,15,0,1,7.8070973612,10.5,14.65,0.4533333333,0.9066666667,45.532302093,49.080982712,48.1,-2,33.739763421,36.797088262,47.8,-1.3,9.2,91.7,100.9,51.1,48.9,12.939035487,1.9108280255,1.0373066424,60.3
238,Calle Jarnkrok,25,C,NSH,0.7064364207,0.7535321821,1.4599686028,-1,25,2.9,12,2,1,1,12,2,2,6.3108320251,11.2,15.73,0.3580246914,0.6049382716,45.494505495,44.081632653,50.8,-0.5,32.778649922,32.307692308,50.4,-0.7,8.1,90.3,98.3,45.3,54.7,10.973312402,1.0832025118,1.0361067504,57.5
239,Matt Cullen,40,C,PIT,0.7784431138,1.0778443114,1.8562874251,4,30,2.9,9,2,2,2,16,2,0,5.5688622754,14,13.92,0.375,0.5,42.51497006,46.047904192,48,-2.7,32.395209581,32.51497006,49.9,-1.6,9,91.1,100.1,35.8,64.2,9.4011976048,1.1976047904,1.9161676647,60.5
240,Mike Cammalleri,34,LW,NJD,0.566572238,1.1898016997,1.7563739377,-9,21,2.8,9,1,0,3,12,9,0,8.045325779,7,17.36,0.2295081967,0.7213114754,42.039660057,45.269121813,48.2,1.5,31.104815864,34.674220963,47.3,-0.1,8.7,91.4,100.1,48.8,51.2,13.824362606,1.3597733711,1.8130311615,58.2
242,Jay Beagle,31,RW,WSH,0.7065217391,0.9239130435,1.6304347826,20,22,3.5,12,0,1,4,15,0,2,5.4347826087,13,13.63,0.5432098765,0.6790123457,37.173913043,44.619565217,45.4,-7.4,27.826086957,33.641304348,45.3,-7.2,11,94.7,105.6,31.1,68.9,8.5869565217,0.597826087,1.4130434783,63.3
243,Ryan Strome,23,RW,NYI,0.7738095238,1.0119047619,1.7857142857,-8,40,2.6,11,2,0,2,11,6,0,6.7857142857,11.4,14.61,0.3043478261,0.8550724638,42.202380952,49.642857143,45.9,-2.1,30.476190476,36.607142857,45.4,-3,7.8,92.1,99.9,44.7,55.3,12.083333333,1.9642857143,1.9047619048,56.2
246,Andreas Athanasiou,22,C,DET,1.252900232,0.7656612529,2.0185614849,-7,28,3.6,17,1,0,3,8,3,0,8.3526682135,15,13.47,0.328125,0.46875,44.547563805,48.027842227,48.1,-1,34.802784223,37.16937355,48.4,-0.5,9,90.9,99.9,62.1,37.9,16.426914153,1.1832946636,1.3225058005,50.8
247,Josh Anderson,22,RW,CBJ,1.0874200426,0.7675906183,1.855010661,12,89,4,17,0,0,3,12,0,0,7.6119402985,14.3,12.03,0.5128205128,1.8846153846,49.829424307,56.417910448,46.9,-4.1,37.739872068,42.025586354,47.3,-3.9,9.5,93.8,103.2,45.8,54.2,12.345415778,1.5991471215,1.0234541578,61.7
248,Adam Lowry,23,C,WPG,0.6838905775,0.6382978723,1.3221884498,1,52,2.4,10,5,0,1,9,4,1,5.5623100304,12.3,16.05,0.6829268293,2.6463414634,38.29787234,41.489361702,48,-1.8,28.905775076,31.003039514,48.2,-1.8,7.4,92.2,99.6,39.5,60.5,9.1185410334,1.3221884498,1.094224924,61
249,Andrew Shaw,25,C,MTL,0.6963249516,0.9864603482,1.6827852998,4,110,3,11,1,0,1,11,6,0,7.3694390716,9.4,15.21,0.5588235294,2.1617647059,53.965183752,44.042553191,55.1,3.9,38.239845261,31.914893617,54.5,3.3,7.9,92,99.9,48.6,51.4,12.823984526,1.6247582205,1.6827852998,57.5
250,Craig Smith,27,RW,NSH,0.667903525,0.9461966605,1.6141001855,7,30,3,10,2,0,1,16,1,0,8.6270871985,7.7,13.82,0.2051282051,1.1923076923,58.831168831,49.369202226,54.4,4.4,41.85528757,38.348794063,52.2,2.1,7.7,93.6,101.2,60.5,39.5,17.58812616,1.892393321,1.9480519481,48.7
251,Robby Fabbri,21,C,STL,0.8291457286,1.3567839196,2.1859296482,-16,27,2.5,7,4,0,0,13,5,0,6.8592964824,12.1,15.61,0.2745098039,1.2549019608,46.432160804,43.492462312,51.6,0.7,34.522613065,33.165829146,51,-0.3,8.4,87.9,96.2,62.1,37.9,12.060301508,1.5075376884,0.6030150754,56.9
252,Derek Ryan,30,C,CAR,0.6613226453,1.0821643287,1.7434869739,-8,22,2.6,6,4,1,3,14,4,0,4.3887775551,15.1,14.90,0.552238806,0.4925373134,47.49498998,45.871743487,50.9,0.1,33.066132265,34.388777555,49,-1.4,8.1,90.7,98.8,59,41,8.1763527054,1.9839679359,2.1643286573,53.7
254,Brendan Gallagher,24,RW,MTL,0.6211180124,1.1801242236,1.801242236,7,39,3,9,1,0,2,17,2,0,11.614906832,5.3,15.09,0.234375,1.078125,57.826086957,45.776397516,55.8,4.3,42.173913043,33.229813665,55.9,4.7,6.5,93.8,100.4,53.9,46.1,20.248447205,2.049689441,1.5527950311,57.4
255,Joel Ward,36,RW,SJS,0.4823151125,0.9163987138,1.3987138264,-2,30,2.2,7,1,2,2,17,2,0,5.0643086817,9.5,15.95,0.7179487179,0.7820512821,47.604501608,46.591639871,50.5,-1.1,33.762057878,32.990353698,50.6,-2.1,7.9,91.6,99.5,49.3,50.7,10.128617363,1.6398713826,2.5080385852,50
256,Chris Kunitz,37,LW,PIT,0.4904632153,1.0899182561,1.5803814714,0,36,1.9,9,0,0,3,15,5,0,7.3024523161,6.7,15.51,0.3943661972,3.0422535211,50.136239782,49.918256131,50.1,0,36.566757493,36.294277929,50.2,-1.5,7.3,92.8,100.1,57,43,11.989100817,1.3623978202,1.5258855586,60.9
258,Artturi Lehkonen,21,LW,MTL,1.0671936759,0.5928853755,1.6600790514,-1,8,3.4,15,2,1,3,8,2,0,9.3675889328,11.4,13.86,0.3424657534,0.9863013699,54.308300395,48.557312253,52.8,0.3,38.241106719,35.988142292,51.5,-1.1,7.5,91.9,99.4,44.5,55.5,16.541501976,1.4822134387,1.185770751,56.6
259,Bryan Rust,24,RW,PIT,1.1583011583,1.0038610039,2.1621621622,4,8,3.3,15,0,0,1,12,0,1,8.4942084942,13.6,13.63,0.5087719298,1.7719298246,55.521235521,53.127413127,51.1,1.7,41.544401544,39.691119691,51.1,0.2,9.4,91,100.4,51.7,48.3,14.44015444,1.38996139,1.2355212355,58.3
260,Nick Ritchie,21,LW,ANA,0.84,0.84,1.68,4,62,3.2,13,1,0,3,13,1,0,8.94,9.4,12.99,0.3116883117,3.2077922078,55.14,52.2,51.4,2.4,41.16,39.06,51.3,1.7,6.9,93.3,100.2,56.4,43.6,15.66,0.96,1.38,57.1
261,P.A. Parenteau,33,RW,TOT,0.7918781726,0.9137055838,1.7055837563,-18,35,2.5,9,4,0,2,11,4,0,7.4923857868,10.6,14.70,0.1343283582,0.8955223881,45.685279188,44.710659898,50.5,5.1,36,34.416243655,51.1,5.4,6.4,89.4,95.9,52.9,47.1,10.538071066,1.2791878173,1.8274111675,71.1
262,Jussi Jokinen,33,LW,FLA,0.5495420483,0.8492922565,1.3988343047,-15,39,1.9,6,4,1,2,11,6,0,5.8950874271,9.3,17.41,0.4782608696,0.4057971014,47.360532889,41.365528726,53.4,3.8,35.420482931,32.872606162,51.9,2.3,6.4,91,97.4,46.8,53.2,9.9417152373,1.3488759367,2.9475437136,59.3
263,Travis Konecny,19,C,PHI,0.6693711968,1.0344827586,1.7038539554,-2,49,2.7,8,3,0,0,16,1,0,8.093306288,8.3,14.09,0.3714285714,1.3142857143,52.393509128,52.028397566,50.2,-1.1,38.762677485,37.363083164,50.9,-0.9,8.1,91.6,99.7,55.6,44.4,14.30020284,1.5821501014,1.7038539554,57
264,Zach Hyman,24,C,TOR,0.438276114,0.7888970051,1.2271731191,2,30,1.8,6,0,4,3,18,0,0,6.8371073776,6.4,16.70,0.5243902439,1.3292682927,52.330168006,49.043097151,51.6,1.5,38.831263696,37.472607743,50.9,1.4,7.5,91.8,99.3,61.2,38.8,10.168005844,1.8407596786,1.0956902849,67.2
265,Vladislav Namestnikov,24,C,TBL,0.5484460695,0.987202925,1.5356489945,-4,31,2.2,7,3,0,0,14,3,1,6.252285192,8.8,14.78,0.4189189189,0.972972973,48.31809872,42.833638026,53,2.5,35.758683729,32.851919561,52.1,2.2,8.5,90,98.5,58,42,10.804387569,0.7678244973,1.4259597806,58.4
266,Tomas Plekanec,34,C,MTL,0.4573170732,0.8231707317,1.2804878049,10,24,2.4,5,3,2,3,14,4,0,6.3567073171,7.2,16.82,0.5769230769,0.7307692308,49.527439024,44.542682927,52.6,0,35.533536585,32.286585366,52.4,0,6.8,94.4,101.2,39.7,60.3,10.792682927,1.3719512195,1.3262195122,58.9
269,Antoine Vermette,34,C,ANA,0.4716157205,0.9956331878,1.4672489083,-7,42,2,4,5,0,1,13,6,0,4.6113537118,10.2,15.90,0.625,0.7083333333,44.069868996,46.742358079,48.5,-0.8,33.327510917,34.899563319,48.8,-0.8,7.6,91.7,99.4,43.7,56.3,8.4890829694,0.7336244541,1.4672489083,54.3
271,Nick Schmaltz,20,LW,CHI,0.4449938195,1.6316440049,2.0766378245,10,6,2.7,6,0,0,0,20,2,0,4.8949320148,9.1,13.26,0.4426229508,0.3278688525,49.542645241,50.65512979,49.4,-1.3,36.489493201,37.972805933,49,-1.8,8.9,94.4,103.3,57.5,42.5,9.4190358467,3.4116192831,1.6316440049,52
274,Jimmy Vesey,23,LW,NYR,0.8799266728,0.6049495875,1.4848762603,-13,26,2.2,11,5,0,6,8,3,0,6.3794683776,13.8,13.64,0.4625,0.8,42.841429881,52.575618698,44.9,-3.9,32.062328139,38.3868011,45.5,-4.4,7.8,91.3,99.2,48.8,51.2,11.769019248,2.4197983501,1.8698441797,54.2
275,Jarome Iginla,39,RW,TOT,0.694214876,0.6446280992,1.3388429752,-30,70,1.6,7,7,0,4,9,4,0,7.5867768595,9.2,15.13,0.2625,1.45,46.760330579,47.157024793,49.8,0.2,34.115702479,36.892561983,48,-1.7,5.6,89.9,95.5,51.6,48.4,13.041322314,1.1900826446,1.2892561983,58.6
276,Antoine Roussel,27,LW,DAL,0.7733619764,0.9667024705,1.7400644468,1,115,2.7,12,0,0,3,12,3,0,5.2846401719,14.6,15.52,0.75,1.15,50.912996778,42.728249194,54.4,6.2,36.86358754,30.483351235,54.7,6,10.1,88.9,99,42,58,10.440386681,1.0311493018,2.3845327605,50.6
277,Shane Doan,40,RW,ARI,0.3231597846,1.131059246,1.4542190305,-3,48,1.7,3,3,0,0,19,2,0,7.7558348294,4.2,15.05,0.2972972973,1.3648648649,49.60502693,54.183123878,47.8,3,35.92459605,42.226211849,46,1.5,7.3,93.7,101,42.6,57.4,12.818671454,1.4003590664,1.8312387792,60.1
280,Erik Haula,25,C,MIN,0.9045226131,0.6633165829,1.567839196,5,28,2.8,14,1,0,4,11,0,0,8.0804020101,11.2,13.82,0.5277777778,0.5416666667,51.316582915,48.603015075,51.4,2.1,39.316582915,36.422110553,51.9,2.1,8.1,91.7,99.9,54.8,45.2,12.663316583,1.4472361809,1.0854271357,63.8
281,Sam Bennett,20,C,CGY,0.6425041186,0.6425041186,1.2850082372,-16,75,1.6,9,4,0,0,12,0,1,6.0296540362,10.7,14.99,0.5679012346,1.5679012346,42.207578254,44.728171334,48.6,-2.5,31.18616145,32.915980231,48.7,-1.7,6.6,90.4,97,56.1,43.9,10.626029654,2.1252059308,1.2355848435,56.7
282,Mikkel Boedker,27,LW,SJS,0.5163511188,0.82616179,1.3425129088,0,10,2.1,9,0,1,2,15,1,0,6.2994836489,8.2,14.35,0.4197530864,0.8765432099,48.588640275,48.330464716,50.1,-1.4,35.731497418,34.492254733,50.9,-1.7,8.4,91.6,100,54.2,45.8,11.462994836,1.6006884682,1.9104991394,54.5
284,Scott Wilson,24,LW,PIT,0.5620608899,1.2646370023,1.8266978923,0,32,2,8,0,0,1,18,0,0,8.9227166276,6.3,10.95,0.3974358974,2.141025641,54.519906323,55.292740047,49.6,-0.2,41.803278689,39.274004684,51.6,0.9,8,91.5,99.5,41.6,58.4,15.035128806,1.4051522248,0.7728337237,59.3
287,Micheal Ferland,24,LW,CGY,1.023890785,0.6825938567,1.7064846416,-1,50,2.9,13,2,0,1,8,2,0,7.2354948805,14.2,11.57,0.3421052632,1.9605263158,51.126279863,52.218430034,49.5,-1.2,36.791808874,40.068259386,47.9,-2.7,8.2,92.2,100.4,50.4,49.6,11.740614334,2.457337884,2.5938566553,61.6
288,Brian Boyle,32,C,TOT,0.7983623337,0.7369498465,1.5353121801,3,66,2.7,10,3,0,2,9,3,0,8.045035824,9.9,13.03,0.5466666667,1.5333333333,46.182190379,41.699078813,52.6,1.5,35.987717503,31.87308086,53,3,8.2,92.1,100.4,42.5,57.5,13.265097236,1.3510747185,1.1668372569,60.6
289,Troy Brouwer,31,RW,CGY,0.65,0.6,1.25,-11,31,1.7,7,5,1,2,5,6,1,4.3,15.1,16.22,0.527027027,2.3108108108,36.8,46.1,44.4,-7.6,26.4,34.9,43.1,-8.8,7.8,92.2,100,53,47,7.65,1.1,1.5,56.9
290,Bobby Ryan,29,RW,OTT,0.8099688474,0.7476635514,1.5576323988,-3,24,2.5,11,2,0,0,9,3,0,6.9158878505,11.7,15.53,0.5806451613,1.7580645161,50.031152648,50.529595016,49.8,1.3,35.327102804,37.07165109,48.8,-0.1,8.6,91.4,100,51,49,14.205607477,1.6822429907,1.6822429907,48.7
291,Lars Eller,27,C,WSH,0.6394316163,0.6927175844,1.3321492007,15,36,2.6,11,0,1,2,12,1,0,6.1278863233,10.4,13.90,0.3703703704,0.8765432099,49.769094139,42.788632327,53.8,3.1,35.701598579,31.705150977,53,2.6,8.4,93.6,102,54.9,45.1,11.989342806,1.6518650089,1.7051509769,51.1
292,Daniel Winnik,31,LW,WSH,0.7741935484,0.8387096774,1.6129032258,15,49,3,10,0,2,3,13,0,0,5.2903225806,14.6,12.92,0.4722222222,0.3472222222,39.225806452,39.806451613,49.6,-2,28.838709677,29.35483871,49.6,-1.9,9.4,94.7,104.1,39.9,60.1,8.5806451613,1.935483871,1.935483871,61.7
293,Jordan Martinook,24,LW,ARI,0.5468102734,0.695940348,1.2427506214,-8,40,1.7,9,1,1,2,11,1,2,5.4183927092,10.1,15.68,0.8831168831,0.6493506494,43.396851698,50.952775476,46,1.4,33.355426678,38.425849213,46.5,3,7.4,91.9,99.3,40.2,59.8,9.8922949461,1.9884009942,1.043910522,54.8
294,Dominic Moore,36,C,BOS,0.6220546654,0.7917059378,1.4137606032,2,44,2.6,8,0,3,1,13,0,1,5.4288407163,11.5,12.94,0.512195122,0.7682926829,41.677662582,45.523091423,47.8,-8.8,30.933081998,33.986804901,47.6,-9.6,7.7,92.7,100.4,39.5,60.5,8.5956644675,1.753063148,1.4703110273,63.2
295,Casey Cizikas,25,C,NYI,0.5846528624,1.2423873325,1.8270401949,9,30,2.6,8,0,0,1,16,1,0,5.9926918392,9.8,13.92,0.9830508475,2.4406779661,44.652862363,49.330085262,47.5,-0.6,33.398294762,34.567600487,49.1,0.9,9,92.8,101.8,32.6,67.4,9.28136419,2.6309378806,1.7539585871,64.6
296,William Karlsson,24,C,CBJ,0.332103321,1.0516605166,1.3837638376,10,10,2,5,1,0,3,17,0,2,5.3136531365,6.3,13.38,0.2962962963,0.4320987654,43.671586716,48.597785978,47.3,-3.7,33.376383764,37.749077491,46.9,-4.3,8.1,93.6,101.7,45.2,54.8,9.3542435424,1.8265682657,1.1070110701,56.8
300,Brett Ritchie,23,RW,DAL,0.9542743539,0.4771371769,1.4314115308,11,38,3.1,15,1,0,2,7,1,0,9.9602385686,9.6,12.90,0.2948717949,1.9615384615,51.948310139,49.86083499,51,1.1,36.918489066,34.652087475,51.6,1.4,8.2,94.8,103,40.7,59.3,18.608349901,0.8946322068,1.550695825,53.5
301,Alex Chiasson,26,RW,CGY,0.6642066421,0.6642066421,1.3284132841,-6,46,1.9,11,0,1,1,10,2,0,5.7564575646,11.5,13.38,0.2222222222,0.9135802469,47.04797048,43.450184502,52,2.1,34.704797048,31.992619926,52,2.8,7.2,90.5,97.7,57.2,42.8,9.1328413284,1.7712177122,1.2177121771,63
302,Trevor Lewis,30,C,LAK,0.6153846154,0.6153846154,1.2307692308,-6,30,2.2,11,1,0,3,11,1,0,7.4358974359,8.3,14.27,0.3658536585,2.1219512195,51.58974359,41.846153846,55.2,0.6,38.974358974,30.564102564,56,2,6.6,90.6,97.2,53.2,46.8,12.717948718,0.9230769231,0.6153846154,58.5
303,Loui Eriksson,31,LW,VAN,0.5436573311,0.6425041186,1.1861614498,-9,8,1.8,6,5,0,1,10,2,1,6.5238879736,8.3,18.68,0.4,0.1692307692,43.986820428,43.097199341,50.5,3.4,31.433278418,33.360790774,48.5,2.1,7,91.5,98.6,50.5,49.5,10.477759473,1.8286655684,0.7907742998,62.3
304,Anthony Beauvillier,19,LW,NYI,0.6286379511,1.0477299185,1.6763678696,1,10,2.2,9,0,0,2,14,1,0,7.0547147846,8.9,13.02,0.3939393939,1.2272727273,48.894062864,61.606519208,44.2,-4.2,36.81024447,45.192083818,44.9,-3.2,9.6,92.1,101.7,52.4,47.6,11.87427241,1.187427241,2.095459837,59.4
305,Colton Sceviour,27,C,FLA,0.4611443211,0.7685738685,1.2297181896,-16,25,1.3,5,1,3,1,12,2,1,8.8129803587,5.2,14.64,0.8,1.35,42.374039283,44.013663535,49.1,-2.2,32.228864219,32.894961571,49.5,-1,5.1,90.8,95.9,44.6,55.4,13.526900085,2.049530316,1.1784799317,65.2
306,Pavel Zacha,19,C,NJD,0.4790419162,0.9580838323,1.4371257485,-17,19,1.5,3,5,0,2,8,8,0,4.9700598802,9.6,14.31,0.3428571429,0.7714285714,38.323353293,42.45508982,47.4,-0.5,30.359281437,32.874251497,48,-0.5,4.6,92.6,97.2,52.2,47.8,7.5449101796,0.9580838323,1.5568862275,65.9
308,Zack Kassian,26,RW,EDM,0.4320987654,1.049382716,1.4814814815,4,101,2,7,0,0,0,17,0,0,6.7901234568,6.4,12.30,0.2025316456,2.5443037975,44.938271605,49.87654321,47.4,-3.3,33.456790123,36.296296296,48,-3.9,9,92.4,101.4,50.7,49.3,10.12345679,1.2962962963,2.4074074074,67.7
311,Brett Connolly,24,RW,WSH,1.2747875354,0.6798866856,1.954674221,20,40,3.7,14,1,0,3,8,0,0,6.8838526912,18.5,10.70,0.1818181818,1.3484848485,57.195467422,48.781869688,54,3.5,41.303116147,36.203966006,53.3,2.9,9.8,95,104.8,59.5,40.5,11.133144476,1.3597733711,1.104815864,61.8
312,Marcus Foligno,25,LW,BUF,0.6300484653,0.4846526656,1.1147011309,-1,73,2.1,12,0,1,0,10,0,0,4.7011308562,13.4,15.48,0.7125,3.4875,47.544426494,52.875605816,47.3,0.2,37.366720517,39.741518578,48.5,1.6,7.5,93,100.6,39.8,60.2,8.4814216478,1.5993537964,1.6962843296,55.4
313,Nikolai Kulemin,30,LW,NYI,0.7236180905,0.6633165829,1.3869346734,3,18,2.2,10,1,1,4,9,1,1,4.4623115578,16.2,13.82,0.625,1.0833333333,43.35678392,49.386934673,46.7,-1,32.804020101,36.301507538,47.5,-0.5,10.4,90.5,100.9,35.1,64.9,8.8040201005,1.8090452261,1.0251256281,50.7
314,Chris Tierney,22,C,SJS,0.5650684932,0.6164383562,1.1815068493,0,6,1.9,9,1,1,2,11,0,1,4.6232876712,12.2,14.60,0.55,0.625,45.976027397,47.054794521,49.4,-2.3,32.773972603,33.339041096,49.6,-3.4,8.1,91.6,99.6,45.1,54.9,7.602739726,2.1061643836,3.0308219178,60.1
315,Mikhail Grigorenko,22,C,COL,0.5676442763,0.7379375591,1.3055818354,-14,18,1.6,10,0,0,0,9,4,0,4.8249763482,11.8,14.09,0.3466666667,0.36,40.302743614,45.127719962,47.2,-2.4,29.744560076,34.115421003,46.6,-2.3,7.2,90.6,97.8,48.7,51.3,8.3443708609,1.9867549669,1.4758751183,57.8
316,Tom Pyatt,29,LW,OTT,0.4215456674,0.6557377049,1.0772833724,9,16,1.8,9,0,0,1,12,0,2,4.4496487119,9.5,15.62,1.0853658537,0.5609756098,40.93676815,52.927400468,43.6,-6.5,30.585480094,36.487119438,45.6,-4.4,7.5,94.3,101.8,44,56,7.681498829,1.6393442623,0.9367681499,57.9
320,Matt Stajan,33,C,CGY,0.3505355404,0.9931840312,1.3437195716,3,40,1.6,6,0,0,3,15,0,2,3.446932814,10.2,12.68,0.4814814815,0.7407407407,40.194741967,42.239532619,48.8,-2.3,29.386562804,30.146056475,49.4,-1,8.3,92.1,100.4,34.8,65.2,6.3096397274,1.752677702,1.2852969815,54.6
324,Melker Karlsson,26,C,SJS,0.7692307692,0.7692307692,1.5384615385,7,22,2.6,9,0,2,1,11,0,0,5.1048951049,15.1,12.81,0.8805970149,1,47.832167832,47.202797203,50.3,-1,33.986013986,31.608391608,51.8,-0.5,8.5,93,101.5,52.7,47.3,9.2307692308,1.1888111888,1.6083916084,54.5
326,Jori Lehtera,29,C,STL,0.4325437693,0.9268795057,1.359423275,-6,34,1.4,7,0,0,1,12,3,0,4.140061792,10.4,15.17,0.453125,1,47.085478888,46.776519053,50.2,0.6,35.036045314,34.541709578,50.4,0.6,9.4,89.3,98.6,64.4,35.6,6.1791967044,1.2976313079,0.8650875386,67
327,Nic Dowd,26,C,LAK,0.4128440367,1.1009174312,1.5137614679,-15,25,1.3,5,1,0,2,9,7,0,5.3669724771,7.7,12.46,0.5,2.0714285714,52.912844037,38.944954128,57.6,3.2,38.80733945,27.041284404,58.9,5.5,4.2,88.3,92.5,64.1,35.9,9.9082568807,1.3073394495,1.5137614679,54.2
328,Carl Hagelin,28,LW,PIT,0.380952381,1.0158730159,1.3968253968,10,16,1.5,6,0,0,2,15,0,1,8.126984127,4.7,15.49,0.393442623,1.0819672131,51.619047619,45.650793651,53.1,3.7,40.126984127,33.523809524,54.5,3.9,8.1,92.7,100.8,57.4,42.6,12.634920635,1.2063492063,1.3333333333,63.8
331,Brendan Perlini,20,LW,ARI,0.9929078014,0.4964539007,1.4893617021,-4,20,2.3,11,3,0,2,5,2,0,6.524822695,15.2,14.84,0.2631578947,0.7368421053,43.262411348,55.390070922,43.9,-1.6,31.489361702,42.553191489,42.5,-2.7,8.1,93.3,101.3,45.7,54.3,12.482269504,0.5673758865,0.9219858156,52.3
332,Chris Stewart,29,RW,MIN,0.9500609013,0.5846528624,1.5347137637,3,94,2.3,13,0,0,0,6,2,0,5.9926918392,15.9,10.39,0.2405063291,1.0759493671,41.802679659,61.461632156,40.5,-10.7,30.986601705,46.114494519,40.2,-11.8,8.4,95.2,103.6,60.4,39.6,9.7198538368,1.0962241169,1.0962241169,61.7
334,Marian Gaborik,34,RW,LAK,0.7246376812,0.7971014493,1.5217391304,-4,18,2.2,7,3,0,3,9,2,0,8.9130434783,8.1,14.79,0.2678571429,0.375,56.739130435,44.492753623,56,1,42.898550725,33.47826087,56.2,1.4,6.1,91.6,97.6,54.6,45.4,15.652173913,0.5072463768,1.7391304348,56.9
335,Drew Stafford,31,RW,TOT,0.608365019,0.9885931559,1.5969581749,6,24,2.1,5,3,0,3,12,1,0,8.288973384,7.3,13.60,0.0517241379,1.0689655172,44.714828897,47.984790875,48.2,-4,33.307984791,36.730038023,47.6,-4.5,9,93.9,103,52.3,47.7,11.787072243,0.9885931559,2.1292775665,70.3
336,Justin Abdelkader,29,LW,DET,0.3939962477,0.7879924953,1.181988743,-20,50,0.7,2,5,0,1,11,2,1,5.8536585366,6.7,16.66,0.421875,2.25,38.555347092,44.465290807,46.4,-2.1,29.437148218,33.377110694,46.9,-1.4,5.3,91.1,96.4,46.3,53.7,9.0056285178,0.8442776735,1.0131332083,65
338,Jesper Fast,25,RW,NYR,0.3837953092,0.9594882729,1.3432835821,6,16,1.5,6,0,0,1,15,0,0,3.5820895522,10.7,13.79,0.6470588235,1.4558823529,44.392324094,48.869936034,47.6,-1,32.686567164,35.117270789,48.2,-1.4,10,92.3,102.3,41.3,58.7,6.460554371,1.855010661,1.3432835821,55.4
341,Blake Comeau,30,LW,COL,0.4159445407,0.6239168111,1.0398613518,-19,58,0.7,5,2,1,1,12,0,0,5.3552859619,7.8,14.99,0.2857142857,1.6753246753,45.025996534,43.622183709,50.8,2.7,32.079722704,33.639514731,48.8,1.2,6.9,89.2,96.1,45.6,54.4,10.242634315,1.8197573657,0.9358752166,52.3
343,Lauri Korpikoski,30,LW,TOT,0.5607476636,0.8411214953,1.4018691589,5,10,1.8,8,0,0,0,11,0,1,7.5700934579,7.4,12.41,0.5217391304,0.5362318841,47.172897196,56.214953271,45.6,-5.5,34.696261682,40.303738318,46.3,-5.3,8.5,93.5,102,47,53,12.476635514,0.8411214953,1.4719626168,60.7
344,Kevin Labanc,21,RW,SJS,0.6382978723,0.9574468085,1.5957446809,9,22,2.3,8,0,0,2,10,2,0,5.585106383,11.4,13.67,0.2545454545,0.3454545455,51.303191489,51.941489362,49.7,-0.7,38.377659574,34.787234043,52.5,1.3,9.7,92.8,102.5,52.6,47.4,11.888297872,1.2765957447,2.1542553191,47
345,Oscar Lindberg,25,C,NYR,0.6818181818,1.0227272727,1.7045454545,2,32,1.8,8,0,0,1,11,1,0,7.3295454545,9.3,10.83,0.5538461538,1.4461538462,49.857954545,54.971590909,47.6,-0.4,36.477272727,41.931818182,46.5,-2.7,9,92.6,101.7,44.1,55.9,12.784090909,0.8522727273,1.0227272727,57.3
349,Cal Clutterbuck,29,RW,NYI,0.3246753247,0.974025974,1.2987012987,2,28,1.2,5,0,0,1,14,1,0,7.4675324675,4.3,14.00,0.3787878788,3.3636363636,42.467532468,47.402597403,47.3,0.2,31.103896104,34.935064935,47.1,-0.5,8.9,91.9,100.8,37.7,62.3,12.922077922,1.9480519481,1.038961039,57.8
353,Joel Armia,23,RW,WPG,0.6952491309,0.6257242178,1.3209733488,-8,20,1.2,6,0,4,1,7,2,0,7.7172653534,9,15.14,0.5263157895,1.1929824561,41.853997683,48.389339513,46.4,-4.6,31.703360371,36.987253766,46.2,-5.4,6.2,92.6,98.8,42.7,57.3,13.557358053,2.9200463499,1.3209733488,56.9
354,Matt Read,30,RW,PHI,0.6904487917,0.6214039125,1.3118527043,3,8,2,7,2,1,2,9,0,0,6.3521288838,10.9,13.79,0.5079365079,1.5079365079,53.785960875,44.948216341,54.5,3.6,37.836593786,30.932105869,55,3.5,6.4,93.8,100.2,49.3,50.7,11.116225547,1.4499424626,1.2428078251,57.1
355,Beau Bennett,25,RW,NJD,0.5448354143,0.7491486947,1.293984109,-3,20,1.7,7,1,0,1,10,1,0,6.8785471056,7.9,13.55,0.2,1.1692307692,49.511918275,43.24631101,53.4,7.2,37.866061294,33.575482406,53,6.5,5.9,93.2,99.1,46.1,53.9,12.599318956,1.293984109,1.0896708286,54.6
356,Tom Wilson,22,RW,WSH,0.3962264151,0.679245283,1.0754716981,9,133,1.3,7,0,0,0,12,0,0,5.3773584906,7.4,12.93,0.5365853659,2.9146341463,41.773584906,42.622641509,49.5,-2.3,29.660377358,31.301886792,48.7,-2.8,8.7,93.7,102.4,40.5,59.5,9.3962264151,2.0377358491,1.1886792453,57.2
362,Rene Bourque,35,RW,COL,0.7947019868,0.3973509934,1.1920529801,-19,56,1.2,10,2,0,2,6,0,0,7.3509933775,10.8,13.94,0.4,1.1538461538,46.887417219,50.662251656,48.1,-0.7,34.701986755,38.410596026,47.5,-0.5,7.1,89.2,96.3,49.7,50.3,12.847682119,1.5894039735,0.7947019868,57.7
363,Scottie Upshall,33,RW,STL,0.7481296758,0.5985037406,1.3466334165,-1,45,1.8,8,0,2,1,8,0,0,6.3591022444,11.8,10.99,0.2876712329,1.3561643836,37.10723192,46.08478803,44.6,-6.1,28.204488778,33.815461347,45.5,-5.7,7.8,92,99.8,23.3,76.7,10.623441397,1.1970074813,1.3466334165,59.9
365,Brandon Pirri,25,RW,NYR,0.6512890095,0.8141112619,1.4654002714,-8,25,1.1,3,5,0,3,6,4,0,7.815468114,8.3,12.28,0.3333333333,0.6833333333,41.438263229,44.776119403,48.1,0.3,30.773405699,34.029850746,47.5,-2,9,90,99,48.8,51.2,16.363636364,1.7910447761,2.1166892809,47.8
367,Drake Caggiula,22,LW,EDM,0.5289672544,0.8312342569,1.3602015113,3,16,1.6,5,2,0,2,7,3,1,7.0277078086,7.5,13.23,0.3166666667,1.6166666667,41.939546599,46.095717884,47.6,-2.6,31.813602015,32.569269521,49.4,-1.8,7.2,93.3,100.5,48.4,51.6,12.997481108,1.6624685139,1.8891687657,54.1
372,Shane Prince,24,LW,NYI,0.4622496148,1.2018489985,1.6640986133,-9,18,1,4,1,0,2,11,2,0,6.56394453,7,12.98,0.24,0.72,46.964560863,57.966101695,44.8,-2.4,34.668721109,41.510015408,45.5,-2.1,8.3,90.5,98.8,42.4,57.6,11.463790447,2.126348228,1.7565485362,57.3
373,Alan Quine,23,C,NYI,0.3926701571,1.0209424084,1.4136125654,-2,8,1.1,3,2,0,1,12,1,0,6.4397905759,6.1,12.52,0.4754098361,1.262295082,49.397905759,59.214659686,45.5,-3.1,36.910994764,43.272251309,46,-3,9.4,91.8,101.1,47.5,52.5,9.8167539267,1.335078534,1.4136125654,65.6
378,Andrew Copp,22,C,WPG,0.6835443038,0.6075949367,1.2911392405,8,18,1.7,8,0,1,1,8,0,0,5.8481012658,11.7,12.34,0.4375,1.359375,44.050632911,46.860759494,48.5,-1,32.734177215,33.113924051,49.7,-0.2,8.2,93.8,101.9,45.5,54.5,9.5696202532,1.5189873418,1.2151898734,61.1
379,Jamie McGinn,28,LW,ARI,0.5696202532,0.5063291139,1.0759493671,-23,23,0.4,9,0,0,2,6,2,0,7.3417721519,7.8,13.17,0.25,1.6111111111,48.35443038,58.607594937,45.2,-0.2,36.455696203,45.696202532,44.4,-0.6,5.8,90.8,96.6,53.4,46.6,10.949367089,0.3164556962,1.7088607595,67.1
380,Darren Helm,30,C,DET,0.625,0.703125,1.328125,-6,20,1.4,6,2,0,1,6,2,1,7.65625,8.2,15.36,0.36,1.42,43.046875,46.5625,48,0,31.71875,36.328125,46.6,-1.6,8.4,90.9,99.3,49.9,50.1,12.96875,1.328125,1.5625,59
381,Torrey Mitchell,32,C,MTL,0.488301119,0.5493387589,1.0376398779,5,38,1.3,8,0,0,1,9,0,0,4.1505595117,11.8,12.60,0.7179487179,0.6025641026,42.421159715,45.656154629,48.2,-5,31.007121058,31.068158698,50,-2.5,7.8,93.4,101.2,29.5,70.5,7.5686673449,2.6246185148,2.3804679552,54.8
382,Miles Wood,21,LW,NJD,0.6225680934,0.7003891051,1.3229571984,-21,86,0.9,6,2,0,0,7,2,0,8.1712062257,7.6,12.85,0.4333333333,1.1333333333,37.587548638,53.307392996,41.4,-6.8,30.505836576,40.311284047,43.1,-5,5.7,91,96.7,44.8,55.2,12.918287938,1.2451361868,1.0894941634,63.3
384,Riley Nash,27,C,BOS,0.3756708408,0.5366726297,0.9123434705,-1,14,1,6,0,1,2,8,0,2,6.7084078712,5.6,13.80,0.4444444444,0.8271604938,44.973166369,41.806797853,51.8,-4.1,33.005366726,30.214669052,52.2,-4.1,4.6,93.2,97.8,45.3,54.7,11.431127013,2.5760286225,0.9660107335,58.7
385,Joonas Donskoi,24,RW,SJS,0.4275534442,0.783847981,1.2114014252,-5,10,1,5,1,0,0,8,3,0,6.7695961995,6.3,13.80,0.4426229508,0.4426229508,51.733966746,45.961995249,53,2.8,37.339667458,32.992874109,53.1,1.7,6.4,91.5,97.9,52.6,47.4,11.90023753,2.2090261283,2.4940617577,56.3
386,Nick Shore,24,C,LAK,0.4022346369,0.7374301676,1.1396648045,-2,20,1.3,5,0,1,1,11,0,0,5.2960893855,7.6,12.79,0.3142857143,0.8285714286,49.206703911,42.100558659,53.9,-0.7,36,32.379888268,52.6,-2.1,6.8,91,97.8,57.2,42.8,10.927374302,0.7374301676,1.2737430168,48.5
388,Marcus Kruger,26,C,CHI,0.3058103976,0.7339449541,1.0397553517,7,34,0.9,5,0,0,0,12,0,0,5.0764525994,6,14.01,0.8857142857,0.4428571429,44.525993884,43.914373089,50.3,-0.2,33.149847095,29.235474006,53.1,3.7,8.1,92.7,100.8,29,71,7.5840978593,1.4678899083,0.6116207951,66.1
390,Austin Watson,25,LW,NSH,0.3134796238,0.7523510972,1.065830721,14,99,1.4,5,0,0,0,11,0,1,5.6426332288,5.6,12.43,0.8571428571,1.8571428571,39.122257053,49.278996865,44.3,-8.9,29.090909091,33.855799373,46.2,-6,9.1,94.9,103.9,29.1,70.9,9.6551724138,1.5047021944,0.8777429467,58.4
400,Kevin Fiala,20,LW,NSH,0.904109589,0.4109589041,1.3150684932,1,18,1.8,11,0,0,1,5,0,0,9.3698630137,9.6,13.52,0.2592592593,0.8148148148,57.452054795,47.01369863,55,5.3,42.328767123,35.260273973,54.6,5.4,5.5,93.9,99.4,58.7,41.3,15.04109589,3.2054794521,2.2191780822,62.3
401,Viktor Stalberg,31,LW,TOT,0.7213114754,0.3278688525,1.0491803279,-9,41,1.2,8,1,2,2,4,1,0,6.6229508197,10.9,12.20,0.3733333333,1.88,45.836065574,45.639344262,50.1,-1.2,33.31147541,34.68852459,49,-1.9,5.4,91.9,97.2,53.5,46.5,11.868852459,2.4262295082,1.7704918033,55.8
402,Adam Cracknell,31,RW,DAL,0.8310249307,0.4986149584,1.3296398892,9,12,1.9,9,0,1,2,6,0,0,7.2299168975,11.5,10.46,0.5362318841,1.3188405797,56.509695291,53.684210526,51.3,2,41.301939058,37.645429363,52.3,2.5,8,93.6,101.5,49.7,50.3,14.127423823,1.5789473684,1.3296398892,51.2
403,Dwight King,27,LW,TOT,0.4683434519,0.3642671292,0.8326105811,-2,12,1.1,9,0,0,1,7,0,0,5.724197745,8.2,14.41,0.35,1.5,47.3547268,46.782307025,50.3,-5.5,34.553339115,34.137033825,50.3,-5.3,6.7,92.6,99.3,53.8,46.2,9.158716392,0.7805724198,0.9366869037,62.5
404,Ryan White,28,C,TOT,0.7792207792,0.6060606061,1.3852813853,-16,84,0.9,9,0,0,1,7,0,0,5.1948051948,15,10.66,0.5076923077,2.8769230769,48.311688312,58.614718615,45.2,-3.6,36.363636364,45.021645022,44.7,-3.5,6.8,89.5,96.3,41.8,58.2,8.9177489177,0.9523809524,0.8658008658,58.3
405,Zemgus Girgensons,23,C,BUF,0.4255319149,0.547112462,0.9726443769,-7,18,0.8,7,0,0,0,9,0,0,6.8085106383,6.3,13.16,0.3466666667,1.6,43.647416413,49.300911854,47,-1.2,33.069908815,38.237082067,46.4,-1.9,5.5,93.6,99.1,50.7,49.3,11.489361702,1.0334346505,0.9726443769,59.3
406,Brock McGinn,22,LW,CAR,0.6140350877,0.7894736842,1.4035087719,-11,6,1.1,7,0,0,1,8,0,1,6.4912280702,9.5,12.00,0.3859649123,1.5964912281,52.192982456,53.50877193,49.4,-1.5,36.052631579,38.684210526,48.2,-1.8,7.7,89.2,96.9,49.3,50.7,12.456140351,2.5438596491,1.2280701754,52.1
408,Nick Cousins,23,C,PHI,0.5,0.8333333333,1.3333333333,-6,31,1.1,5,1,0,0,9,1,0,8.25,6.1,12.00,0.4,1.0166666667,55.5,50.416666667,52.4,1.8,39.5,36,52.3,1.3,5.4,92.6,97.9,52.7,47.3,13.583333333,1.25,1.1666666667,60.1
410,Derek MacKenzie,35,C,FLA,0.3495145631,0.5825242718,0.932038835,-7,50,0.6,4,0,2,1,7,0,3,5.3009708738,6.6,12.56,0.5487804878,2.3414634146,35.59223301,46.834951456,43.2,-9.1,28.427184466,34.893203883,44.9,-6.4,5.9,92.5,98.4,35.1,64.9,9.0291262136,1.9805825243,1.4563106796,58.7
411,Curtis McKenzie,25,LW,DAL,0.6260869565,1.0434782609,1.6695652174,5,72,1.6,6,0,0,3,10,0,0,6.8869565217,9.1,10.85,0.5849056604,1.9433962264,54.156521739,54.782608696,49.7,-0.6,38.713043478,38.608695652,50.1,-0.4,8.7,92.6,101.2,46.1,53.9,12.104347826,1.252173913,1.0434782609,56.9
415,Tom Kuhnhackl,25,RW,PIT,0.3953871499,1.1861614498,1.5815485997,8,18,1.3,3,0,1,0,11,0,1,4.8434925865,8.2,10.65,0.7368421053,1.9649122807,38.846787479,45.766062603,45.9,-4.8,29.456342669,30.939044481,48.8,-2.3,10.1,93.2,103.3,29.9,70.1,9.7858319605,0.5930807249,0.4942339374,49.5
417,Matt Calvert,27,LW,CBJ,0.6912442396,0.3456221198,1.0368663594,-4,48,1.1,7,0,3,1,4,0,1,6.3594470046,10.9,13.35,0.5230769231,0.9384615385,42.02764977,50.668202765,45.3,-5.6,31.589861751,38.571428571,45,-6.1,7.6,91.3,98.8,44,56,10.64516129,1.5898617512,1.0368663594,59.7
418,Kyle Brodziak,32,C,STL,0.6209573092,0.5433376455,1.1642949547,2,27,1.4,8,0,0,2,7,0,0,4.2690815006,14.5,11.20,0.5652173913,0.8115942029,35.782664942,45.407503234,44.1,-7.8,26.623544631,32.910737387,44.7,-7.1,9.8,91.9,101.6,20.6,79.4,7.1410090556,2.5614489004,0.4657179819,60.9
419,Dale Weise,28,RW,PHI,0.5825242718,0.5097087379,1.0922330097,1,39,1.3,7,1,0,2,6,1,0,6.8446601942,8.5,12.88,0.375,2.109375,52.208737864,46.09223301,53.1,2.9,37.063106796,31.601941748,54,3.5,8.1,90.7,98.8,50.1,49.9,10.485436893,0.9466019417,1.0194174757,65.3
421,Chris VandeVelde,29,C,PHI,0.3846153846,0.5769230769,0.9615384615,-5,16,0.7,6,0,0,0,9,0,0,4.4230769231,8.7,11.56,0.7407407407,1.4074074074,37.435897436,43.461538462,46.3,-5.7,26.282051282,29.743589744,46.9,-5.4,5.9,93.2,99.1,45.6,54.4,7.7564102564,0.8974358974,0.7692307692,57
422,Anthony Duclair,21,LW,ARI,0.3891050584,0.7782101167,1.1673151751,-7,14,0.7,5,0,0,1,8,2,0,5.9143968872,6.6,13.29,0.2931034483,0.3793103448,50.038910506,56.575875486,46.9,2.1,37.743190661,43.579766537,46.4,2.3,7.9,91.7,99.6,56.7,43.3,11.361867704,2.3346303502,1.7120622568,52.1
423,Ondrej Kase,21,RW,ANA,0.48,0.96,1.44,-1,18,1.2,5,0,0,2,10,0,0,7.392,6.5,11.79,0.2641509434,0.7924528302,56.064,50.4,52.7,3.5,42.912,37.632,53.3,3.6,6.5,92.2,98.8,57.9,42.1,13.92,2.208,3.168,53.1
430,Benoit Pouliot,30,LW,EDM,0.5095541401,0.3821656051,0.8917197452,-5,34,0.6,8,0,0,1,6,0,0,4.9044585987,10.4,14.06,0.5820895522,0.5820895522,44.458598726,47.006369427,48.6,-2.3,32.929936306,32.993630573,50,-1.8,6.1,93.2,99.3,55.5,44.5,9.2993630573,2.4840764331,3.0573248408,52.7
431,Nick Bjugstad,24,C,FLA,0.5915492958,0.5915492958,1.1830985915,-19,22,0.5,6,1,0,1,5,2,0,7.6901408451,7.7,13.15,0.1666666667,1.3333333333,45.549295775,52.985915493,46.2,-5.7,35.408450704,42.76056338,45.3,-6.3,5,91.7,96.7,55.5,44.5,13.014084507,1.7746478873,1.4366197183,59.1
432,Tim Schaller,26,C,BOS,0.5801104972,0.5801104972,1.1602209945,-6,23,1.1,7,0,0,2,7,0,0,7.3756906077,7.9,12.27,0.6440677966,1.2372881356,48.480662983,49.475138122,49.5,-7.2,35.801104972,36.215469613,49.7,-7.5,5.9,92.3,98.2,42.8,57.2,13.011049724,1.5745856354,1.4917127072,56.7
435,Carl Soderberg,31,C,COL,0.3345724907,0.4460966543,0.780669145,-26,22,-0.4,5,1,0,0,7,1,0,7.1375464684,4.7,13.45,0.525,0.425,43.159851301,49.739776952,46.5,-3.2,31.728624535,36.970260223,46.2,-2.4,5.9,90.2,96.1,47,53,11.710037175,1.6728624535,1.0594795539,60
438,Luke Glendening,27,C,DET,0.1882845188,0.690376569,0.8786610879,-10,26,0,3,0,0,0,10,1,0,4.769874477,3.9,12.92,0.8378378378,2.027027027,35.523012552,47.071129707,43,-6.8,27.615062762,34.267782427,44.6,-4.6,5.8,92.7,98.4,33.9,66.1,7.719665272,1.1924686192,0.7531380753,62.6
448,Matthew Nieto,24,LW,TOT,0.4767309875,0.4086265607,0.8853575482,-12,8,0.4,7,0,0,1,5,0,1,5.788876277,8.2,14.93,0.5762711864,0.6779661017,46.787741203,43.04199773,52.1,1,34.188422247,32.894438138,51,1,4.5,92,96.5,48.3,51.7,8.7173666288,1.9069239501,1.2258796822,65.6
449,Ryan Reaves,30,RW,STL,0.5907172996,0.5063291139,1.0970464135,4,104,1.2,7,0,0,1,6,0,0,4.8945147679,12.1,8.89,0.325,2.9875,44.810126582,52.405063291,46.1,-4.4,33.839662447,38.396624473,46.8,-3.9,8.6,93.3,101.9,25.7,74.3,8.776371308,0.9282700422,0.3375527426,54.8
450,Lukas Sedlak,23,LW,CBJ,0.6965174129,0.5970149254,1.2935323383,10,25,1.6,6,0,1,0,6,0,0,5.671641791,12.3,9.73,0.4516129032,1.064516129,51.144278607,46.965174129,52.1,3.1,38.009950249,33.333333333,53.3,4.2,9.3,92.7,101.9,46.5,53.5,11.44278607,1.4925373134,0.9950248756,48.7
455,Tyler Ennis,27,LW,BUF,0.4580152672,0.7328244275,1.1908396947,-10,12,0.6,5,0,0,1,5,3,0,8.1526717557,5.6,12.84,0.4509803922,0.8823529412,48.641221374,51.389312977,48.6,1.4,36.916030534,39.114503817,48.6,1.1,4.5,92.6,97.1,51.5,48.5,13.282442748,1.7404580153,1.5572519084,61.4
465,Riley Sheahan,25,C,DET,0.1073345259,0.5903398927,0.6976744186,-29,14,-1.2,1,1,0,0,9,2,0,5.8497316637,1.8,13.98,0.475,1.0125,41.538461538,48.300536673,46.2,-2.9,32.093023256,36.601073345,46.7,-2.3,5.4,90,95.5,47,53,10.572450805,1.0733452594,1.1806797853,55.3
466,Nic Petan,21,LW,WPG,0.1018675722,1.2224108659,1.324278438,-13,12,-0.1,1,0,0,0,4,8,0,5.8064516129,1.8,10.91,0.1851851852,0.2222222222,38.607809847,39.932088285,49.2,-0.2,27.40237691,29.032258065,48.6,-1.2,5.1,90.7,95.7,55.5,44.5,11.001697793,1.6298811545,1.8336162988,52.8
471,Joakim Nordstrom,24,LW,CAR,0.4026845638,0.2876318313,0.690316395,-12,17,0,6,0,1,2,5,0,0,5.9827420901,6.7,12.72,0.5,1.8048780488,43.777564717,46.021093001,48.8,-3.1,32.617449664,33.595397891,49.3,-1.4,4.3,92.5,96.8,48.6,51.4,10.642377756,1.5532118888,1.2080536913,56.2
472,Tommy Wingels,28,C,TOT,0.5475880052,0.3911342894,0.9387222947,-11,27,0.4,7,0,0,2,5,0,0,6.3363754889,8.6,10.51,0.6301369863,1.7123287671,46.232073012,50.925684485,47.6,-3.4,33.950456323,34.889178618,49.3,-2.1,5.7,90.2,95.9,53.4,46.6,9.074315515,1.0169491525,1.1734028683,69.8
473,Kyle Clifford,26,LW,LAK,0.4597701149,0.4597701149,0.9195402299,-2,92,0.9,6,0,0,0,6,0,0,9.3486590038,4.9,10.73,0.095890411,2,57.318007663,43.448275862,56.9,2.9,41.992337165,31.264367816,57.3,3.9,4.2,93.8,98,59,41,15.249042146,1.3026819923,0.5363984674,61.3
476,Lawson Crouse,19,LW,ARI,0.3504672897,0.4906542056,0.8411214953,-20,48,-0.3,4,0,1,2,7,0,0,5.8878504673,6,11.89,0.4027777778,2.2222222222,44.64953271,54.462616822,45,-0.5,34.976635514,40.864485981,46.1,1.5,4.9,90.6,95.5,36.9,63.1,10.864485981,0.9813084112,0.3504672897,54.2
478,Chris Kelly,36,C,OTT,0.3064351379,0.4290091931,0.7354443309,-17,23,-0.4,4,0,1,2,7,0,0,5.2093973442,5.9,11.94,0.5853658537,0.8658536585,35.423901941,50.37793667,41.3,-8.7,26.475995914,35.423901941,42.8,-7.4,4.2,92.2,96.4,50.4,49.6,7.9060265577,1.1031664964,1.4708886619,66.7
480,Josh Jooris,26,RW,TOT,0.3641881639,0.7283763278,1.0925644917,-2,16,0.6,4,0,0,0,7,0,1,6.8285280728,5.3,12.20,0.5555555556,0.9074074074,41.608497724,55.447647951,42.9,-2.9,31.684370258,40.424886191,43.9,-1.7,6.9,93.5,100.3,36.7,63.3,10.834597876,0.9104704097,0.4552352049,63
483,Cody Eakin,25,C,DAL,0.17839445,0.5351833499,0.7135777998,-7,49,-0.5,3,0,0,1,7,2,0,4.8761149653,3.7,16.82,0.65,1.0833333333,48.166501487,48.880079286,49.6,-1.7,35.32210109,35.738354807,49.7,-2,5.9,92.3,98.1,49.3,50.7,9.9900891972,1.4271555996,1.9623389495,48.8
487,Micheal Haley,30,C,SJS,0.2255639098,1.1278195489,1.3533834586,6,128,1,2,0,0,1,10,0,0,4.1729323308,5.4,9.17,0.3965517241,2.224137931,51.766917293,54.92481203,48.5,-4,37.669172932,37.218045113,50.3,-3,9.1,93.2,102.3,54,46,9.6992481203,2.030075188,2.1428571429,44.2
490,Michael Raffl,28,LW,PHI,0.6956521739,0.2608695652,0.9565217391,-7,20,0.7,8,0,0,3,3,0,0,5.4782608696,12.7,13.27,0.4230769231,1.75,60.782608696,53.217391304,53.3,2.8,43.304347826,38,53.3,2.8,5.5,92.3,97.7,56.8,43.2,9.7391304348,1.1304347826,1.4782608696,56.3
491,Eric Fehr,31,C,TOT,0.621761658,0.518134715,1.1398963731,2,14,0.7,6,0,0,3,5,0,0,6.4248704663,9.7,10.92,0.6603773585,1.5471698113,36.994818653,50.466321244,42.3,-9.4,28.497409326,33.471502591,46,-6.6,8.2,94.4,102.6,23.1,76.9,10.051813472,2.4870466321,1.0362694301,63.9
501,Dmitrij Jaskin,23,RW,STL,0.1018675722,1.0186757216,1.1205432937,5,18,0.6,1,0,0,0,10,0,0,5.6027164686,1.8,11.55,0.3725490196,1.9215686275,49.303904924,44.617996604,52.5,3.1,37.079796265,32.699490662,53.1,3.6,7.7,93.6,101.3,49,51,10.594227504,1.324278438,0.7130730051,52.9
504,Colton Sissons,23,C,NSH,0.7441860465,0.1860465116,0.9302325581,11,12,1.4,7,0,1,1,2,0,0,3.9069767442,19,11.12,0.4137931034,1.7931034483,41.581395349,53.76744186,43.6,-8.1,30.604651163,38.511627907,44.3,-6.7,9,95.5,104.5,28.5,71.5,6.7906976744,1.1162790698,1.023255814,57.5
506,Brian Flynn,28,C,MTL,0.5853658537,0.3902439024,0.9756097561,2,4,0.8,6,0,0,0,4,0,0,4.5853658537,12.8,12.06,0.568627451,0.3921568627,42.341463415,47.804878049,47,-6.1,30.536585366,31.317073171,49.4,-2.8,9.6,92.9,102.5,31.8,68.2,8.9756097561,1.2682926829,1.4634146341,51.1
508,Joseph Cramarossa,24,LW,TOT,0.4088586031,0.6132879046,1.0221465077,0,60,0.6,4,0,0,1,4,0,2,3.6797274276,11.1,9.95,0.3898305085,2.2542372881,36.286201022,54.071550256,40.2,-9.5,27.802385009,40.170357751,40.9,-8.5,6.9,94.4,101.3,54.5,45.5,6.4395229983,0.8177172061,1.5332197615,57.1
511,Cedric Paquette,23,C,TBL,0.3592814371,0.5389221557,0.8982035928,-6,80,0.2,4,0,0,0,6,0,0,6.1077844311,5.9,11.52,0.7931034483,2.4827586207,46.616766467,47.245508982,49.7,-2.4,33.592814371,35.209580838,48.8,-2.4,5.5,92.8,98.3,34.5,65.5,11.856287425,1.5269461078,0.7185628743,51.5
514,Logan Shaw,25,RW,ANA,0.3370786517,0.7865168539,1.1235955056,3,10,0.7,2,0,1,1,6,0,1,6.6292134831,5.1,9.71,0.3272727273,1.1272727273,37.415730337,46.404494382,44.6,-6.4,29.101123596,35.393258427,45.1,-6.5,8.3,93,101.3,54.8,45.2,10.224719101,1.1235955056,0.7865168539,64.8
524,Tyler Graovac,23,C,MIN,0.8203125,0.234375,1.0546875,7,10,1.1,7,0,0,2,2,0,0,5.625,14.6,9.85,0.2884615385,1,41.3671875,63.6328125,39.4,-10.7,31.9921875,47.4609375,40.3,-10.2,9.4,96.2,105.6,63.7,36.3,9.84375,1.875,0.46875,57.1
526,Matt Martin,27,LW,TOR,0.4109589041,0.3287671233,0.7397260274,0,123,0.2,5,0,0,0,4,0,0,5.4246575342,7.6,8.90,0.3170731707,3.6585365854,48.493150685,52.602739726,48,-3.1,36.164383562,38.301369863,48.6,-1.6,6.6,94,100.6,32.8,67.2,9.2876712329,1.3150684932,1.0684931507,58.4
528,Jack Skille,29,RW,VAN,0.6198347107,0.4958677686,1.1157024793,0,12,0.9,5,0,0,0,4,0,0,9.0495867769,6.8,8.80,0.4363636364,1.3454545455,51.074380165,53.553719008,48.8,1.3,38.429752066,40.041322314,49,2.7,5.9,94.6,100.5,46.5,53.5,15,1.7355371901,1.1157024793,60.3
529,Nikita Soshnikov,23,RW,TOR,0.4934210526,0.3947368421,0.8881578947,1,16,0.5,5,0,0,0,3,1,0,6.9078947368,7.1,10.86,0.5,1.8035714286,42.730263158,47.467105263,47.4,-2.5,32.171052632,33.651315789,48.9,-0.5,7.1,93.7,100.8,34.3,65.7,13.125,1.9736842105,1.4802631579,52.6
530,Michael Chaput,24,C,VAN,0.32,0.4,0.72,-12,29,-0.1,4,0,0,0,5,0,0,5.12,6.3,11.03,0.4264705882,1,48.4,54.16,47.2,-0.9,35.68,40.88,46.6,-0.1,4.8,92.5,97.2,45.2,54.8,9.04,1.04,1.12,56.6
531,Devante Smith-Pelly,24,RW,NJD,0.3351955307,0.4189944134,0.7541899441,-19,12,-0.3,4,0,0,0,3,2,0,6.3687150838,5.3,13.51,0.6037735849,1.7735849057,33.519553073,50.027932961,40.1,-8.6,26.396648045,37.541899441,41.3,-7.2,4,91.5,95.4,41.7,58.3,9.1340782123,1.4245810056,1.1731843575,67.9
546,Jay McClement,33,C,CAR,0.4054054054,0.2432432432,0.6486486486,-8,18,0,4,0,1,1,3,0,0,3,13.5,11.38,0.6153846154,0.7538461538,38.594594595,47.027027027,45.1,-8,26.837837838,34.378378378,43.8,-8.6,6.1,91.8,97.8,42.2,57.8,7.0540540541,2.3513513514,1.2162162162,42.5
547,Pierre-Edouard Bellemare,31,LW,PHI,0.2255639098,0.2255639098,0.4511278195,-1,20,-0.4,4,0,0,0,3,0,1,5.0751879699,4.4,12.98,0.8536585366,0.8902439024,37.781954887,43.308270677,46.6,-5.6,26.334586466,29.605263158,47.1,-5.5,6.7,94.1,100.8,46.2,53.8,9.6992481203,1.3533834586,0.7894736842,52.3
548,Joe Colborne,27,C,COL,0.3619909502,0.3619909502,0.7239819005,-21,34,-0.5,2,2,0,0,3,1,0,4.3438914027,8.3,10.69,0.2258064516,1.3870967742,42.533936652,46.968325792,47.5,-2.2,30.678733032,35.56561086,46.3,-2.9,4.9,89.7,94.6,52.1,47.9,6.8778280543,0.9049773756,1.628959276,63.2
549,Jayson Megna,26,C,VAN,0.3328710125,0.3328710125,0.665742025,-4,6,0.1,4,0,0,0,3,1,0,5.9916782247,5.6,12.43,0.3965517241,1.5,42.690707351,52.676837725,44.8,-3.6,29.459084605,40.110957004,42.3,-4.6,5,95,99.9,46.7,53.3,8.9042995839,1.6643550624,0.665742025,67.3
551,Dennis Rasmussen,26,C,CHI,0.2985074627,0.2985074627,0.5970149254,-4,12,-0.4,4,0,0,0,4,0,0,5.7462686567,5.2,11.82,0.7205882353,0.8970588235,45.074626866,48.059701493,48.4,-2.8,32.164179104,31.641791045,50.4,0.2,5.5,93.1,98.6,32.7,67.3,8.5074626866,1.8656716418,1.4179104478,67.5
565,Drew Miller,32,LW,DET,0.5309734513,0.2123893805,0.7433628319,-12,18,0,5,0,0,1,2,0,0,4.5663716814,11.6,10.27,0.9454545455,1.2909090909,37.592920354,52.460176991,41.7,-7.8,29.309734513,38.017699115,43.5,-5.9,4.4,91.8,96.2,39.2,60.8,7.2212389381,1.3805309735,0.5309734513,61.8
571,Lance Bouma,26,C,CGY,0.2601156069,0.3468208092,0.6069364162,-2,35,-0.1,3,0,0,1,4,0,0,4.5953757225,5.7,11.34,0.7213114754,2.0819672131,37.543352601,44.219653179,45.9,-5.8,27.225433526,29.739884393,47.8,-3.4,8,91.4,99.4,32.4,67.6,8.1502890173,1.4739884393,0.7803468208,56.4
573,Andreas Martinsen,26,LW,TOT,0.2825745683,0.3767660911,0.6593406593,-14,32,-0.4,3,0,0,0,3,0,1,6.8759811617,4.1,9.95,0.4375,2.703125,40.408163265,54.725274725,42.5,-7.8,30.518053375,40.502354788,43,-7.2,4.7,91.9,96.6,46.2,53.8,12.527472527,2.3547880691,1.0361067504,54.9
575,John Mitchell,32,C,COL,0.2205882353,0.2941176471,0.5147058824,-12,45,-0.6,3,0,0,1,4,0,0,4.1911764706,5.3,12.55,0.6923076923,1.3538461538,47.5,48.676470588,49.4,1,32.941176471,36.911764706,47.2,-1.2,4.3,93.2,97.5,49.1,50.9,9.3382352941,2.1323529412,1.25,44.9
576,Steve Ott,34,C,TOT,0.3157894737,0.4210526316,0.7368421053,-8,80,-0.1,3,0,0,0,4,0,0,4.7368421053,6.7,10.75,0.4339622642,2.7169811321,37.157894737,46.631578947,44.3,-7.3,28.421052632,34.736842105,45,-6.4,4.6,93.1,97.6,39.2,60.8,8,1.1578947368,0.8421052632,59.2
592,Cody McLeod,32,LW,TOT,0.7092198582,0.1418439716,0.8510638298,-3,145,0.4,5,0,0,0,1,0,0,4.2553191489,16.7,7.17,0.2372881356,2.5423728814,35.177304965,58.581560284,37.5,-13,25.957446809,41.70212766,38.4,-11.6,7.2,94,101.3,40.9,59.1,6.6666666667,0.5673758865,0.2836879433,63.8
595,J.T. Brown,26,RW,TBL,0.2710843373,0.2710843373,0.5421686747,-7,73,-0.4,2,0,1,1,3,0,0,6.0542168675,4.5,10.38,0.390625,1.609375,45.090361446,49.156626506,47.8,-4.6,33.43373494,36.686746988,47.7,-3.8,4.2,93.4,97.7,33.7,66.3,10.481927711,0.7228915663,0.9939759036,57.8
618,Jimmy Hayes,27,RW,BOS,0.2242990654,0.3364485981,0.5607476636,-3,29,-0.1,2,0,0,1,3,0,0,8.2990654206,2.7,9.22,0.1724137931,1.275862069,55.401869159,51.700934579,51.7,-3.4,40.037383178,39.476635514,50.4,-5.8,6.4,92.2,98.5,62.5,37.5,15.028037383,1.5700934579,1.3457943925,55.2
627,Brendan Gaunce,22,LW,VAN,0,0.5545286506,0.5545286506,-2,33,-0.3,0,0,0,0,5,0,0,5.6561922366,0,9.49,0.2105263158,1.649122807,48.909426987,47.356746765,50.8,3.2,35.933456562,35.933456562,50,3.5,5,94,99,42.2,57.8,8.9833641405,1.2199630314,0.6654343808,63
633,Chris Thorburn,33,RW,WPG,0.4035874439,0.134529148,0.5381165919,-7,95,-0.4,2,0,1,0,1,0,0,4.8430493274,8.3,6.97,0.390625,1.40625,39.955156951,50.179372197,44.3,-4.9,27.040358744,33.766816143,44.5,-5.1,5,91.4,96.4,46.2,53.8,8.4753363229,0.5381165919,0.5381165919,57.1
639,Vernon Fiddler,36,LW,TOT,0.1746724891,0.1746724891,0.3493449782,-15,66,-1,1,0,1,0,2,0,0,4.192139738,4.2,11.64,0.5593220339,0.9661016949,33.886462882,48.733624454,41,-8.5,26.200873362,35.720524017,42.3,-7.2,5.3,91.7,97,23.9,76.1,7.5982532751,1.0480349345,1.8340611354,52.9
645,Brandon Tanev,25,LW,WPG,0.2201834862,0.2201834862,0.4403669725,-6,26,-0.6,2,0,0,1,2,0,0,5.9449541284,3.7,10.69,0.6078431373,2.5098039216,34.018348624,45.247706422,42.9,-7.1,24.110091743,32.256880734,42.8,-7.1,5,93,98,42.9,57.1,9.0275229358,2.0917431193,0.9908256881,65.9
647,Shawn Thornton,39,LW,FLA,0.3125,0.3125,0.625,-7,67,-0.2,2,0,0,0,2,0,0,6.5625,4.8,7.68,0.16,1.04,39.6875,60.15625,39.7,-11.8,31.71875,43.59375,42.1,-8.5,4,93.8,97.8,42.7,57.3,12.65625,1.25,1.25,51.9
656,Chris Neil,37,RW,OTT,0.1496259352,0.4488778055,0.5985037406,-11,63,-0.6,1,0,0,0,3,0,0,6.2842892768,2.4,7.57,0.3773584906,2.0377358491,49.376558603,58.503740648,45.8,-2.7,35.610972569,41.895261845,45.9,-3.2,3.2,91.2,94.3,61.2,38.8,9.8753117207,1.6458852868,1.3466334165,63.6
674,Jordin Tootoo,33,RW,CHI,0.3560830861,0.178041543,0.5341246291,-6,28,-0.3,2,0,0,0,1,0,0,7.6557863501,4.7,6.74,0.16,1.04,54.658753709,56.795252226,49,0.1,37.922848665,39.525222552,49,0.4,3.2,93.2,96.4,47.6,52.4,14.421364985,1.6023738872,1.6023738872,53.1
682,Jared Boll,30,RW,ANA,0,0.6060606061,0.6060606061,-3,87,-0.3,0,0,0,0,3,0,0,2.6262626263,0,5.82,0.2745098039,1.3333333333,36.767676768,56.767676768,39.3,-12.4,29.494949495,43.636363636,40.3,-11.5,6.4,94.5,100.9,56,44,5.2525252525,0.404040404,1.0101010101,50
